Time,Mag_x,Mag_y,Mag_z,Acc_x,Acc_y,Acc_z,Gyro_x,Gyro_y,Gyro_z,Orn_x,Orn_y,Orn_z,Pressure
2018.03.21 11:08:59,30.72,-1.74,-43.5,0.24422,1.14446,9.62738,0.00379,-0.03785,0.03357,273.06528,-4.0502,-0.67958,0.00379
2018.03.21 11:08:59,29.94,-1.26,-44.04,-0.12211,1.20193,9.87878,-0.10494,-0.05007,0.02563,272.97766,-4.39942,-0.22147,-0.10494
2018.03.21 11:08:59,29.88,-2.64,-43.86,-0.59857,1.13728,9.45739,-0.02431,-0.01036,-0.12526,273.35904,-5.48443,-0.39572,-0.02431
2018.03.21 11:08:59,29.28,-0.54,-43.14,-0.49561,1.26178,10.32411,-0.11105,0.00552,0.01463,274.08334,-5.31856,-1.23821,-0.11105
2018.03.21 11:08:59,30.12,-0.54,-43.5,-0.52674,1.506,9.22993,0.06793,-0.02563,0.04518,274.37411,-6.13234,-1.97741,0.06793
2018.03.21 11:09:00,30.6,-1.32,-43.38,-0.59617,1.31685,9.97694,-0.02736,0.01835,-0.09716,275.10013,-6.88483,-2.43382,-0.02736
2018.03.21 11:09:00,30.66,-1.02,-43.26,-0.61533,1.65205,9.89554,0.03494,0.01774,-0.06539,276.35046,-7.47587,-2.569,1008.03687
2018.03.21 11:09:00,29.64,-1.5,-44.88,0.19154,1.51797,10.11581,0.09053,-0.18079,0.02624,276.5965,-8.39538,-2.10968,1008.03149
2018.03.21 11:09:00,29.76,-1.14,-45.36,-0.22027,0.37351,10.7479,-0.10678,-0.23394,-0.10876,277.65173,-7.85639,-1.51753,-0.10678
2018.03.21 11:09:00,28.56,-1.62,-45.54,0.62012,0.06225,9.22514,0.12169,0.03057,-0.28042,278.3833,-6.44077,-0.46099,0.12169
2018.03.21 11:09:00,28.68,-0.54,-45.84,-0.43336,0.42858,10.34087,-0.05058,0.13136,-0.27309,279.88303,-5.34329,-0.87992,1008.03296
2018.03.21 11:09:00,28.92,-0.42,-43.74,0.16042,1.17559,8.92346,0.17056,0.06905,0.12581,279.37958,-5.84436,-1.27002,0.17056
2018.03.21 11:09:00,29.88,-2.04,-44.16,-0.32802,1.06785,9.02163,-0.04813,0.13258,0.058,278.80325,-6.01308,-1.85226,-0.04813
2018.03.21 11:09:00,30.78,-2.1,-44.82,0.08141,1.65923,9.21317,-0.0744,0.13014,0.13375,277.85526,-6.0597,-2.0714,-0.0744
2018.03.21 11:09:01,30.9,-2.1,-43.92,-0.00479,1.3384,10.28341,0.04716,-0.00975,0.11909,277.24347,-6.63983,-1.67227,0.04716
2018.03.21 11:09:01,31.44,-3.06,-44.52,0.03113,1.23066,10.54199,-0.06585,0.03301,0.0861,276.02618,-7.49821,-0.97816,-0.06585
2018.03.21 11:09:01,31.2,-3.48,-44.94,-0.52674,-0.20591,11.08789,-0.15687,-0.14597,0.12153,275.29874,-6.46992,-0.80254,1008.03418
2018.03.21 11:09:01,30.78,-4.98,-45,-0.40224,0.18915,8.71516,0.23103,-0.01647,0.16002,273.79065,-6.8075,-0.6824,1008.03442
2018.03.21 11:09:01,30.9,-5.16,-44.88,-0.36393,0.46688,9.39513,0.00073,-0.06229,0.10321,273.17569,-5.86868,-0.72467,1008.04053
2018.03.21 11:09:01,29.64,-6.18,-45.06,-0.09577,1.31446,9.08627,-0.08234,-0.00792,0.01952,272.02939,-5.43892,-0.64666,-0.08234
2018.03.21 11:09:01,30.66,-5.58,-44.7,-0.35675,1.31206,9.71836,-0.10983,-0.02747,-0.06661,271.94241,-5.48411,-0.79834,1008.03027
2018.03.21 11:09:01,30.72,-5.22,-45.9,-0.3759,1.41741,10.01765,0.05144,0.0098,-0.09288,272.41461,-6.11978,-1.44122,1008.03003
2018.03.21 11:09:01,31.2,-5.04,-45.48,0.05507,1.25939,10.68325,0.19499,-0.06901,-0.02141,272.73041,-6.78116,-1.50604,0.19499
2018.03.21 11:09:01,30.24,-4.68,-45.18,-0.3783,-0.19633,11.34168,-0.09945,-0.00181,-0.31279,273.93912,-6.06836,-1.00416,-0.09945
2018.03.21 11:09:02,30.24,-4.14,-45.48,-0.43336,-0.60815,9.42626,-0.04752,0.07149,-0.25659,275.03519,-5.93497,-1.14979,-0.04752
2018.03.21 11:09:02,31.08,-3.54,-44.7,-0.20591,1.09179,8.95459,0.03372,0.03423,0.05373,274.81573,-5.05333,-1.47979,0.03372
2018.03.21 11:09:02,31.74,-4.14,-44.88,0.04549,0.9601,9.33767,0.02761,0.0214,-0.05562,274.50497,-5.3463,-1.54849,0.02761
2018.03.21 11:09:02,31.44,-4.14,-44.94,-0.23703,1.74303,9.04318,-0.05974,0.044,0.07083,274.1922,-5.48628,-1.8174,-0.05974
2018.03.21 11:09:02,31.5,-3.9,-44.7,-0.28971,1.37431,10.65213,0.00135,-0.01769,0.03051,273.48016,-7.22489,-1.51009,0.00135
2018.03.21 11:09:02,29.94,-5.1,-45.36,0.06704,1.3384,10.42707,0.0099,-0.07023,0.1478,272.65887,-8.47132,-0.48551,0.0099
2018.03.21 11:09:02,30.9,-4.8,-44.7,-0.26337,0.17239,10.91071,-0.20879,0.02568,0.05128,272.12558,-7.50385,-0.18603,1008.02124
2018.03.21 11:09:02,30,-5.82,-43.92,-0.77814,0.21309,8.90431,0.10458,-0.04946,0.09954,271.43909,-6.29169,-0.16959,1008.02075
2018.03.21 11:09:02,29.82,-5.52,-45.48,-0.36154,0.84278,8.95938,-0.13793,0.03728,0.12825,270.71109,-3.94223,-1.40738,1008.02881
2018.03.21 11:09:03,30.18,-4.92,-44.46,-0.16999,1.43656,8.68643,-0.09578,-0.0238,0.07633,269.60809,-4.14952,-1.55406,-0.09578
2018.03.21 11:09:03,29.82,-4.44,-44.52,-0.63688,1.2115,10.15412,-0.11716,0.12403,-0.10571,269.5769,-4.82026,-2.10125,-0.11716
2018.03.21 11:09:03,30.06,-4.2,-44.64,-0.90025,1.2977,10.53241,0.05144,0.0379,-0.02507,269.71548,-5.40963,-2.68235,1008.01758
2018.03.21 11:09:03,29.22,-4.98,-45.12,0.86673,1.18277,10.94423,0.20476,-0.17102,0.22355,268.76566,-6.09804,-1.94727,0.20476
2018.03.21 11:09:03,28.5,-4.68,-45.18,0.26337,-0.15084,10.46777,-0.0011,-0.09772,-0.20223,269.68393,-6.14292,-0.75459,-0.0011
2018.03.21 11:09:03,28.98,-4.38,-44.76,-0.55308,-0.00479,8.59545,0.05755,0.12769,-0.30607,271.47925,-5.87777,-1.19493,0.05755
2018.03.21 11:09:03,29.16,-4.14,-43.8,-0.29928,0.76856,9.05515,0.1168,-0.09161,0.02746,271.77274,-5.14498,-1.44689,0.1168
2018.03.21 11:09:03,28.86,-4.5,-44.58,0.01676,0.87391,9.00247,-0.00476,-0.03724,-0.06783,271.7645,-5.32531,-1.17632,-0.00476
2018.03.21 11:09:03,29.28,-4.26,-44.88,-0.31126,1.52276,9.71118,-0.10983,0.09593,-0.10449,272.08594,-5.33982,-1.32109,-0.10983
2018.03.21 11:09:04,28.62,-3.72,-45.12,0.11971,1.28573,11.02324,0.07098,-0.0629,0.10443,271.75467,-6.4312,-1.22798,0.07098
2018.03.21 11:09:04,28.68,-3.9,-44.1,0.14605,0.67758,11.34407,0.11619,-0.21622,0.1649,270.87576,-6.66982,-0.94473,1008.03149
2018.03.21 11:09:04,27.18,-5.4,-45,-0.05267,0.21788,8.94262,-0.04019,-0.11971,0.01646,269.89984,-6.83637,0.42827,-0.04019
2018.03.21 11:09:04,26.64,-5.58,-45.42,-0.32802,0.33041,9.02402,-0.02187,-0.01342,0.12153,269.51086,-5.54355,0.10376,1008.03076
2018.03.21 11:09:04,27.06,-5.82,-45,0.08141,1.05827,8.9929,0.00073,-0.01586,0.17712,267.93246,-4.69607,-0.37705,1008.02441
2018.03.21 11:09:04,26.28,-5.1,-44.4,-0.11971,1.37431,9.30655,-0.08234,0.14724,-0.0941,267.68784,-4.82236,-0.58296,-0.08234
2018.03.21 11:09:04,27.54,-5.16,-44.16,-0.2514,1.79331,10.3289,0.02639,0.02568,-0.01041,268.13098,-5.74602,-1.70488,0.02639
2018.03.21 11:09:04,27.66,-4.62,-44.16,0.09338,0.81645,10.91789,0.00929,0.00247,-0.15091,269.16333,-6.90428,-1.19811,1008.03003
2018.03.21 11:09:04,27.18,-3.54,-44.58,0.09338,0.27774,11.14535,-0.03714,-0.05557,-0.10021,270.51746,-6.28945,-0.58401,-0.03714
2018.03.21 11:09:04,27.18,-3.84,-44.34,-0.51716,-0.10774,9.63696,0.02334,0.17473,-0.29385,272.00168,-6.50005,-1.22342,0.02334
2018.03.21 11:09:05,28.08,-3.9,-43.98,-0.0407,0.88588,8.79657,0.12413,0.04889,0.05861,272.32947,-6.45874,-1.98367,0.12413
2018.03.21 11:09:05,29.52,-4.68,-43.74,0.04789,1.09179,8.66009,-0.03408,0.07638,-0.05378,272.18378,-6.73297,-2.03993,-0.03408
2018.03.21 11:09:05,28.26,-4.14,-43.26,-0.36872,1.69275,9.06233,-0.0573,0.1002,0.02563,272.07202,-6.70321,-2.03713,-0.0573
2018.03.21 11:09:05,28.98,-3.96,-42.78,-0.21548,1.56346,10.67368,0.00868,0.03362,-0.00186,271.83911,-7.75352,-1.67164,0.00868
2018.03.21 11:09:05,29.22,-5.22,-43.26,0.00958,1.32403,10.8317,-0.05058,-0.0067,0.14169,271.30966,-8.17945,-1.61749,-0.05058
2018.03.21 11:09:05,28.08,-3.3,-43.02,-0.22506,0.67519,10.01765,0.28845,-0.11543,0.18262,271.00586,-7.21089,-1.00178,0.28845
2018.03.21 11:09:05,27.84,-4.86,-43.26,-1.39586,0.24422,8.88037,-0.05546,-0.01036,-0.09838,271.18491,-7.09288,-0.94009,1008.00879
2018.03.21 11:09:05,27.78,-4.62,-42.36,-0.03591,0.97686,8.91149,-0.0463,-0.01769,0.1649,270.39114,-4.93845,-2.70615,1008.01392
2018.03.21 11:09:05,26.46,-3.6,-40.86,-0.67758,1.36713,9.31133,-0.09089,0.00857,-0.06173,270.15646,-5.17519,-2.46187,1008.00928
2018.03.21 11:09:06,26.7,-3.48,-41.94,-0.61054,1.77895,9.77822,0.01662,0.08371,-0.12098,270.99994,-5.93891,-2.74434,0.01662
2018.03.21 11:09:06,26.7,-2.64,-40.68,-0.61533,1.60416,10.46059,0.03983,-0.02258,0.01769,271.67368,-7.31612,-3.19292,0.03983
2018.03.21 11:09:06,26.94,-3.12,-42.12,0.28731,0.12929,11.4997,-0.18314,-0.13437,-0.00186,271.88641,-6.60624,-2.41065,1008.00732
2018.03.21 11:09:06,27.84,-2.76,-42.78,-0.06225,-0.2945,10.1613,-0.10433,-0.08916,-0.15763,272.48761,-4.85256,-1.25703,-0.10433
2018.03.21 11:09:06,27.54,-1.74,-42.18,0.15084,0.89067,9.16768,0.14551,0.00918,0.04518,272.88455,-3.37768,-1.58178,0.14551
2018.03.21 11:09:06,27.06,-2.52,-40.92,-0.11493,0.90504,8.33686,0.10397,0.07027,-0.13442,273.16907,-4.74004,-1.53323,0.10397
2018.03.21 11:09:06,27.42,-2.34,-41.16,-0.49561,1.28812,8.98332,-0.06951,0.04217,-0.00308,273.56351,-4.96014,-1.66502,-0.06951
2018.03.21 11:09:06,27.84,-2.34,-41.52,-0.19872,1.77176,10.64495,0.02822,0.01529,0.07816,273.3255,-6.57438,-1.63067,0.02822
2018.03.21 11:09:06,26.94,-3.12,-41.82,-0.31844,1.74543,10.92029,0.18277,0.07821,0.18629,273.18668,-7.85915,-1.72526,0.18277
2018.03.21 11:09:07,28.5,-2.7,-41.4,-0.18675,0.13887,10.92986,-0.06035,-0.18263,0.07816,273.14886,-6.9546,-1.47993,-0.06035
2018.03.21 11:09:07,27.54,-2.58,-42.84,-0.59139,0.18675,9.12219,0.09725,-0.06656,-0.03118,272.74216,-6.21869,-0.93629,1008.021
2018.03.21 11:09:07,27.48,-3.12,-41.28,-0.62012,0.63688,8.97614,-0.04508,-0.05007,-3e-05,272.71442,-4.36203,-1.80913,1008.02466
2018.03.21 11:09:07,25.98,-3.72,-42,0.05507,1.35755,8.54517,0.0099,-0.10444,0.15391,271.46857,-4.65344,-1.77611,1008.02417
2018.03.21 11:09:07,26.76,-2.82,-42.6,-0.62012,1.83401,9.43105,-0.20757,0.01896,-0.04401,271.3093,-5.23585,-1.29461,1008.01636
2018.03.21 11:09:07,25.98,-3.12,-42.48,0.04789,1.35755,10.31693,-0.03836,-0.0403,-0.03179,271.71207,-6.16015,-1.62385,-0.03836
2018.03.21 11:09:07,26.22,-1.92,-41.46,-0.07662,0.49083,12.56755,-0.21979,-0.12765,-0.11304,272.68274,-5.99804,-0.92048,-0.21979
2018.03.21 11:09:07,25.44,-1.86,-42.24,0.19633,-0.11253,10.76945,-0.11533,-0.17041,-0.06722,273.21835,-4.91784,-0.1324,1008.02612
2018.03.21 11:09:07,26.76,-2.34,-42.18,-0.45252,0.35196,9.12458,0.0716,0.09715,-0.19856,273.77951,-3.70362,-0.05199,0.0716
2018.03.21 11:09:07,26.28,-1.74,-41.82,0.24422,0.76617,8.87797,0.08626,0.0043,0.01952,273.61972,-3.86816,-0.3021,0.08626
2018.03.21 11:09:08,26.58,-1.98,-41.94,-0.00718,1.11573,8.84924,0.01173,0.08676,-0.03118,273.71878,-4.28136,-0.38398,0.01173
2018.03.21 11:09:08,27,-2.28,-41.58,0.34478,2.14288,9.33528,0.0661,0.09593,0.03418,273.37167,-5.81711,-0.51763,0.0661
2018.03.21 11:09:08,28.14,-1.86,-41.94,-0.27534,1.42699,11.32253,0.06671,0.00063,-0.03729,273.57181,-7.4198,-0.18545,0.06671
2018.03.21 11:09:08,27.54,-3.12,-40.98,-0.56505,0.06225,11.76068,-0.17153,0.0324,0.0745,273.10776,-7.21765,-0.24641,-0.17153
2018.03.21 11:09:08,27.78,-2.64,-41.58,-0.3352,0.14366,9.63935,0.08748,-0.06534,0.10076,272.69653,-5.45436,-0.38383,0.08748
2018.03.21 11:09:08,27.72,-2.52,-41.58,-0.40463,0.39027,8.74389,0.09114,0.05744,0.09466,272.24017,-4.03338,-1.5044,0.09114
2018.03.21 11:09:08,28.62,-3.24,-40.92,0.1269,1.29051,8.22673,0.07343,0.04156,0.13619,271.013,-4.15136,-1.69115,1008.02197
2018.03.21 11:09:08,29.04,-3.78,-41.28,-0.48843,1.13967,9.1174,-0.0628,0.06294,-0.14786,271.27359,-4.92273,-1.33808,1008.01709
2018.03.21 11:09:08,29.16,-1.92,-40.98,-0.56265,1.70951,10.06553,-0.10189,0.08554,-0.06722,272.02011,-5.74999,-2.21459,1008.01758
2018.03.21 11:09:09,28.98,-1.26,-40.14,-0.31844,1.66402,10.34806,0.04472,-0.06534,0.00364,272.51752,-6.77643,-2.46315,0.04472
2018.03.21 11:09:09,29.22,-0.12,-41.04,0.22267,0.65843,9.62259,-0.11961,-0.13009,-0.05501,273.40234,-6.37242,-1.50805,-0.11961
2018.03.21 11:09:09,28.26,0.12,-41.46,0.27295,-0.01437,9.74709,0.08748,-0.00975,-0.03851,274.18896,-5.35358,-0.96334,1008.02466
2018.03.21 11:09:09,27.72,-0.06,-41.76,0.05267,0.53392,8.96656,0.05755,-0.01036,0.04212,274.89819,-3.559,-1.11624,0.05755
2018.03.21 11:09:09,27.66,-0.3,-40.62,0.1652,1.05109,8.15011,0.05999,0.05928,-0.0605,274.88995,-4.04413,-0.91482,0.05999
2018.03.21 11:09:09,28.2,1.14,-41.1,-0.3759,1.087,9.28021,-0.09823,0.04523,-0.06478,275.8045,-4.16129,-1.00442,-0.09823
2018.03.21 11:09:09,28.44,1.8,-40.68,-0.0838,1.81486,10.26426,-0.05669,0.07882,0.00608,276.11179,-5.56116,-1.03642,-0.05669
2018.03.21 11:09:09,28.26,1.32,-40.5,-0.10774,1.52036,9.72076,0.11985,0.055,0.12581,276.37192,-7.04759,-0.89839,0.11985
2018.03.21 11:09:09,27.48,2.58,-41.34,-0.43336,-0.54111,12.54121,-0.20268,-0.02991,0.05251,276.97525,-5.88642,-0.21495,-0.20268
2018.03.21 11:09:10,27,2.28,-41.58,-1.25939,-0.12929,9.75188,-0.03775,0.06966,0.07999,277.01382,-5.4778,-0.01305,-0.03775
2018.03.21 11:09:10,27.42,1.92,-41.7,-0.15802,0.39745,8.78459,0.11924,0.03728,0.18934,276.37546,-5.36611,-0.32207,1008.02246
2018.03.21 11:09:10,27.48,1.32,-40.86,-0.07422,1.14925,8.866,0.08565,0.06538,0.13192,276.11005,-5.66737,-0.64078,1008.02197
2018.03.21 11:09:10,28.32,0.9,-41.22,-0.48843,1.58022,9.26345,-0.03958,0.10326,-0.00614,276.64755,-5.87698,-1.34454,1008.021
2018.03.21 11:09:10,28.56,1.56,-40.62,0.0838,1.35037,10.38636,0.08015,-0.00609,0.0018,277.27795,-6.78846,-1.89327,1008.0188
2018.03.21 11:09:10,27.48,1.14,-41.22,-0.15323,1.25221,10.13018,-0.09639,-0.14781,-0.04157,278.1322,-6.99433,-1.32335,-0.09639
2018.03.21 11:09:10,27.18,2.46,-41.22,-0.31365,0.22267,10.65452,-0.13304,-0.05373,-0.08738,279.58728,-5.7206,-0.81165,-0.13304
2018.03.21 11:09:10,26.7,3.3,-40.86,-0.28252,0.22506,9.73991,-0.01698,0.06538,-0.19062,280.86481,-5.26889,-0.9811,1008.01807
2018.03.21 11:09:10,27.3,2.52,-40.92,-0.03831,0.67758,8.7822,0.15651,0.00247,-0.077,281.8475,-5.6463,-1.16796,0.15651
2018.03.21 11:09:10,27.54,2.04,-41.16,-0.32323,1.08221,8.84924,0.04838,0.05744,-0.07455,282.63074,-5.76009,-1.20721,0.04838
2018.03.21 11:09:11,27.18,1.92,-41.52,0.17478,1.77416,9.47893,0.00684,0.0214,0.02074,282.61865,-6.2887,-1.33139,0.00684
2018.03.21 11:09:11,27.18,1.74,-41.82,-0.38069,1.3815,11.14774,0.05205,0.02873,0.03784,282.88409,-7.64727,-0.85081,0.05205
2018.03.21 11:09:11,27.84,2.34,-40.56,-0.43097,1.06306,10.88677,-0.1361,0.04645,0.02807,283.03244,-7.25172,-1.04682,-0.1361
2018.03.21 11:09:11,28.38,1.08,-41.7,-0.6704,0.00479,8.82769,0.16994,0.04645,0.08794,282.87546,-6.20397,-1.3795,0.16994
2018.03.21 11:09:11,28.8,0.06,-41.28,-0.19872,0.34717,9.65372,0.00868,-0.03296,0.21011,281.98718,-3.657,-2.5711,0.00868
2018.03.21 11:09:11,28.68,-1.68,-41.22,-0.38069,1.24981,8.34405,0.07465,0.06966,0.06472,280.35455,-4.22169,-2.71972,1008.02148
2018.03.21 11:09:11,28.56,-1.5,-41.76,-0.23464,1.32403,8.96656,-0.03531,0.06905,-0.08799,279.80246,-5.11031,-2.73337,-0.03531
2018.03.21 11:09:11,29.58,-2.04,-40.2,-0.8356,1.53473,9.90272,-0.02492,0.09287,-0.10265,279.9567,-6.14617,-3.00935,1008.02612
2018.03.21 11:09:11,29.16,-1.74,-41.16,-0.49322,1.49642,11.31774,-0.03164,-0.06106,0.00303,279.72842,-6.50616,-2.95647,1008.02271
2018.03.21 11:09:12,28.86,-2.04,-40.68,-0.45252,0.15802,10.02962,-0.08967,-0.0464,-0.10021,279.75833,-5.92325,-2.47108,-0.08967
2018.03.21 11:09:12,28.08,-1.08,-41.16,-0.22746,0.14605,9.7447,0.02945,0.01896,-0.066,279.71365,-4.34033,-2.52515,0.02945
2018.03.21 11:09:12,28.14,-2.28,-41.22,-0.27774,0.58181,9.24669,0.11558,-0.03296,-0.02813,279.23657,-3.96072,-2.30058,0.11558
2018.03.21 11:09:12,28.92,-2.88,-41.04,-0.18436,1.09418,8.39433,0.0325,-0.00914,-0.04829,278.68561,-4.41383,-1.91778,0.0325
2018.03.21 11:09:12,28.32,-2.82,-40.98,-0.40703,1.40305,9.95539,-0.12144,-0.04335,-0.11304,278.50345,-4.65993,-1.5814,-0.12144
2018.03.21 11:09:12,28.26,-2.16,-40.62,-0.03352,1.49403,10.68086,0.03433,-0.01891,0.02929,277.77094,-6.0851,-1.32981,0.03433
2018.03.21 11:09:12,28.62,-3.78,-41.7,-0.14845,0.60815,12.31854,-0.37006,0.05317,0.15208,276.39905,-6.34053,-0.94629,-0.37006
2018.03.21 11:09:12,27.78,-3.84,-40.98,0.08619,0.19872,9.58668,0.15589,-0.13376,0.19911,274.99448,-6.35351,-0.45512,0.15589
2018.03.21 11:09:12,27.48,-4.5,-41.64,-0.56984,0.15802,9.32809,-0.0518,-0.00486,0.03296,273.87268,-5.96783,-0.20747,-0.0518
2018.03.21 11:09:13,27.78,-5.04,-41.34,-0.31126,1.03193,8.66009,0.01295,0.05378,0.06533,272.7746,-5.10147,-0.57611,1008.01978
2018.03.21 11:09:13,28.2,-5.4,-41.7,-0.21548,1.27136,9.15092,-0.03347,0.01285,-0.05195,272.23145,-5.3835,-0.60495,1008.01953
2018.03.21 11:09:13,28.44,-4.74,-41.28,-0.51237,1.47248,10.07032,0.01417,0.044,-0.05867,272.22855,-6.02018,-1.04785,0.01417
2018.03.21 11:09:13,28.56,-5.16,-40.86,-0.60815,1.39347,11.46858,0.0215,-0.01342,-0.06478,272.38416,-6.92154,-1.33434,1008.02271
2018.03.21 11:09:13,29.16,-4.2,-41.7,-0.80448,0.07183,12.795,-0.2149,-0.14964,-0.1387,272.97906,-6.25759,-1.02201,1008.01782
2018.03.21 11:09:13,28.38,-3.48,-42.78,0.16999,-0.11732,9.60583,0.17911,0.0269,-0.13808,273.37561,-6.28868,-0.85384,0.17911
2018.03.21 11:09:13,28.56,-3.9,-41.1,0.01915,0.65843,8.99529,0.09236,0.08676,-0.02813,273.71124,-5.60751,-1.16025,0.09236
2018.03.21 11:09:13,28.62,-4.2,-40.2,-0.10774,0.99123,8.55474,-0.01881,0.04339,-0.11426,273.58112,-5.86696,-1.20405,-0.01881
2018.03.21 11:09:13,27.9,-3.96,-41.04,-0.06943,1.41741,9.15092,-0.01332,0.04706,-0.066,273.79431,-5.83199,-1.31478,-0.01332
2018.03.21 11:09:13,29.1,-3.72,-40.14,-0.16281,1.89387,9.66808,0.03128,0.05683,-0.00675,273.49713,-7.32185,-1.0531,0.03128
2018.03.21 11:09:14,29.52,-3.54,-40.44,-0.15802,1.65444,10.25947,0.22431,-0.13742,0.19423,273.13577,-8.45452,-0.55724,0.22431
2018.03.21 11:09:14,27.84,-3.9,-40.38,-0.11014,0.68716,11.30098,-0.1025,-0.04274,0.07266,272.64761,-7.9113,0.1773,-0.1025
2018.03.21 11:09:14,27.72,-4.44,-41.4,-0.74941,0.4597,9.49091,0.04227,-0.04152,0.09588,272.20212,-7.53274,0.49936,0.04227
2018.03.21 11:09:14,27.84,-4.74,-41.58,-0.16042,0.90982,8.68882,-0.01148,0.02568,0.10443,271.76376,-6.09205,-0.452,-0.01148
2018.03.21 11:09:14,28.08,-4.86,-40.8,-0.2083,1.34079,8.68882,-0.02981,-0.00609,0.07511,271.17191,-5.95267,-1.00489,-0.02981
2018.03.21 11:09:14,28.74,-4.26,-40.86,-0.24661,1.64726,9.38556,-0.05485,0.0605,-0.09532,271.02936,-6.60127,-1.09655,1008.02563
2018.03.21 11:09:14,28.98,-4.5,-40.62,-0.21788,1.38389,10.92508,-0.07562,0.09654,-0.06417,271.40225,-7.07446,-1.6622,1008.02637
2018.03.21 11:09:14,27.42,-4.38,-41.16,0.04789,0.97926,11.25788,0.13268,-0.24677,0.08427,271.50873,-7.22437,-1.26172,1008.02759
2018.03.21 11:09:14,28.2,-4.32,-40.92,-0.08619,0.31604,9.73512,-0.08418,-0.01281,-0.00247,271.82013,-6.26496,-0.89688,1008.02368
2018.03.21 11:09:15,28.74,-3.54,-41.04,-0.15323,0.38548,9.88836,0.05144,0.0776,-0.1613,272.47748,-3.98861,-0.84,0.05144
2018.03.21 11:09:15,28.14,-3.42,-41.16,0.2083,0.9625,8.51404,0.17972,0.02995,-0.12037,272.6568,-4.77153,-1.17447,0.17972
2018.03.21 11:09:15,28.62,-3.72,-40.8,0.249,1.32882,8.6146,0.09236,0.06233,-0.1332,273.14313,-5.55227,-1.19117,1008.01147
2018.03.21 11:09:15,28.86,-3,-40.38,-0.26816,1.85796,9.35683,0.00623,-0.00364,-0.11915,273.67981,-6.31863,-0.96294,0.00623
2018.03.21 11:09:15,27.78,-3.06,-39.84,-0.40942,1.43178,10.74311,0.14368,-0.05862,0.00364,273.73071,-7.65369,-0.74914,0.14368
2018.03.21 11:09:15,28.14,-4.5,-39.66,0.02394,0.96489,10.66171,-0.17519,0.01529,0.12886,272.90533,-7.99382,-0.57798,-0.17519
2018.03.21 11:09:15,28.44,-3.78,-39.96,-0.33999,0.77096,9.44781,-0.19108,-0.07939,0.13986,272.01431,-6.91323,-0.22861,-0.19108
2018.03.21 11:09:15,27.42,-4.74,-39.54,-0.29928,0.1245,9.18444,0.00196,0.00674,0.07266,271.16898,-6.35656,-0.51341,0.00196
2018.03.21 11:09:15,28.2,-4.68,-40.14,-0.05986,1.16362,8.6553,-0.02187,0.05622,0.12031,270.42413,-5.00558,-1.45393,-0.02187
2018.03.21 11:09:16,27.84,-4.56,-39.42,-0.49801,1.28094,9.67287,-0.13427,0.06905,-0.0544,270.0639,-5.10028,-1.93027,-0.13427
2018.03.21 11:09:16,27.9,-4.08,-38.76,-0.88109,1.75979,10.47974,0.02822,-0.02625,0.01097,270.23615,-5.97695,-2.8558,0.02822
2018.03.21 11:09:16,28.32,-4.44,-38.34,-0.23943,1.52515,10.791,0.05205,-0.21317,-0.05928,270.29205,-7.6524,-2.49328,0.05205
2018.03.21 11:09:16,27.3,-3.3,-39.12,0.42139,0.27774,9.51006,-0.0799,-0.11543,-0.13442,271.02606,-7.23588,-1.60378,1008.02026
2018.03.21 11:09:16,25.92,-3.48,-37.08,-0.33759,0.54111,8.85163,-0.01698,0.09471,-0.19245,271.93219,-6.66239,-1.30097,1008.02222
2018.03.21 11:09:16,26.82,-2.16,-37.62,-0.23703,1.07982,8.69122,0.027,0.044,-0.04218,272.62439,-5.64673,-1.41156,0.027
2018.03.21 11:09:16,27.12,-2.34,-39.42,-0.13169,0.9601,8.80614,-0.04203,0.11059,-0.04279,272.92322,-5.56387,-1.7185,-0.04203
2018.03.21 11:09:16,28.26,-1.98,-38.94,0.17478,1.98725,9.85244,-0.15809,0.08005,-0.02996,272.92084,-5.60292,-1.81104,1008.0166
2018.03.21 11:09:16,27.72,-2.22,-37.5,0.10774,1.52276,11.31534,0.06549,-0.05923,0.01463,272.94437,-7.61942,-0.91778,0.06549
2018.03.21 11:09:16,26.94,-2.4,-37.26,0.03352,1.07982,11.94983,0.0099,0.02323,-0.00492,272.83014,-8.30389,-0.76621,0.0099
2018.03.21 11:09:17,27.66,-2.76,-38.1,-0.48843,0.08859,8.83727,0.11008,-0.12337,0.03113,273.32285,-7.02448,-0.68515,0.11008
2018.03.21 11:09:17,26.52,-1.8,-38.58,-0.62251,0.85476,8.31292,-0.19474,-0.03174,-0.02813,273.12518,-3.95036,-1.77445,-0.19474
2018.03.21 11:09:17,26.4,-2.88,-38.4,-0.2083,1.38868,8.86361,0.07037,-0.03541,0.18201,271.79095,-4.06973,-1.8751,0.07037
2018.03.21 11:09:17,26.16,-2.58,-38.4,-0.31844,1.39586,9.20838,-0.01454,0.02934,-0.01041,271.65811,-5.26518,-1.89503,-0.01454
2018.03.21 11:09:17,26.82,-2.52,-38.28,-0.33759,1.49642,9.76625,-0.0237,0.08921,-0.01713,272.02139,-6.08059,-2.36401,-0.0237
2018.03.21 11:09:17,26.64,-2.52,-38.88,-0.19154,1.41741,10.39115,0.11436,-0.13681,0.06839,272.14935,-6.62955,-1.88328,1008.02612
2018.03.21 11:09:17,25.68,-1.38,-37.8,-0.00718,0.25858,11.07592,0.00807,-0.02136,-0.09288,272.67633,-6.08857,-0.95615,0.00807
2018.03.21 11:09:17,25.74,-1.86,-39.42,0.42379,0.36632,9.72794,-0.02492,-0.0012,-0.066,273.27081,-4.47854,-0.7431,1008.03271
2018.03.21 11:09:17,26.34,-1.98,-38.52,0.28971,0.94574,8.76544,0.03189,0.09959,-0.00308,273.5159,-3.99008,-1.06566,1008.02515
2018.03.21 11:09:18,26.34,-1.74,-38.64,0.27534,1.2546,8.38954,0.06671,0.10509,-0.07211,273.61588,-5.21925,-0.99531,0.06671
2018.03.21 11:09:18,26.46,-1.32,-38.58,-0.19633,1.46051,9.16528,-0.07135,0.02323,0.069,274.22018,-5.29775,-1.19797,-0.07135
2018.03.21 11:09:18,27.12,-1.74,-39.54,0.02394,1.87232,10.23074,0.01295,-0.06839,-3e-05,274.03256,-7.09447,-0.19127,1008.01929
2018.03.21 11:09:18,26.58,-1.8,-39.18,-0.25619,1.24263,11.69603,0.0044,-0.06473,0.06717,274.19028,-7.82818,0.22545,0.0044
2018.03.21 11:09:18,25.86,-1.74,-38.64,-0.40942,0.13169,9.23472,0.12779,-0.03663,0.12581,274.32547,-6.60692,-0.57851,0.12779
2018.03.21 11:09:18,25.26,-1.8,-39.48,-1.28094,-0.3783,9.88117,-0.03653,-0.06595,0.13864,274.2175,-3.30162,-1.33855,-0.03653
2018.03.21 11:09:18,25.68,-1.86,-39.9,-0.13169,0.98644,8.96895,-0.01332,-0.07573,0.17957,272.84979,-2.38902,-1.56878,-0.01332
2018.03.21 11:09:18,25.26,-2.82,-40.92,-0.25858,1.16841,9.42147,-0.0463,-0.06901,0.06717,272.06607,-3.55175,-1.17854,-0.0463
2018.03.21 11:09:18,25.32,-1.92,-40.8,-0.14845,1.54191,9.72794,-0.03164,0.06111,-0.00064,272.09729,-4.78741,-1.6533,-0.03164
2018.03.21 11:09:19,24,-1.62,-40.02,-0.20351,1.51797,11.23394,0.03739,-0.0122,-0.02935,272.43414,-6.09459,-1.49862,0.03739
2018.03.21 11:09:19,24.72,-2.04,-40.74,0.18675,0.90264,10.75029,-0.03775,0.03667,-0.14664,273.27377,-6.78072,-0.91025,-0.03775
2018.03.21 11:09:19,24.78,-0.9,-40.5,0.44055,0.1676,9.31373,0.02639,-0.00548,-0.09227,274.27014,-6.23949,-0.77214,1008.01636
2018.03.21 11:09:19,24.54,-1.68,-40.62,0.54589,0.61293,9.23472,-0.01026,0.11853,-0.07272,274.9021,-4.04472,-0.95447,1008.01318
2018.03.21 11:09:19,25.44,-1.56,-39.66,-0.10535,0.82842,8.96656,0.03372,-0.00364,-0.07883,275.02875,-3.718,-0.68909,1008.0166
2018.03.21 11:09:19,25.68,-1.08,-40.44,-0.23943,1.15643,9.0336,-0.07929,0.05256,-0.06173,275.31955,-4.16821,-1.01054,-0.07929
2018.03.21 11:09:19,25.38,-1.02,-40.56,0.00479,1.91542,9.704,-0.0573,-0.00792,0.01952,275.32605,-5.12017,-0.97348,1008.02246
2018.03.21 11:09:19,25.32,-0.72,-39.84,-0.22985,1.22587,10.90832,-0.00782,-0.02441,0.03051,275.4993,-7.14066,-0.56018,1008.01489
2018.03.21 11:09:19,25.5,-1.14,-40.5,-0.10774,0.84997,11.84208,-0.10739,-0.06595,0.06656,275.32288,-6.76231,-0.41946,-0.10739
2018.03.21 11:09:19,25.02,-1.14,-40.08,-0.33759,0.28731,8.92586,0.21881,-0.13254,0.07755,275.05222,-5.88868,-0.1425,0.21881
2018.03.21 11:09:20,24.96,-2.52,-40.56,-0.41421,0.48364,9.02642,-0.06341,0.04217,-0.00369,274.87921,-4.52121,-0.8147,1008.01367
2018.03.21 11:09:20,24.6,-1.86,-40.02,-0.38308,1.35995,8.55953,0.05938,0.00308,0.12153,274.27908,-4.27636,-1.38535,0.05938
2018.03.21 11:09:20,24.36,-1.5,-40.74,-0.08141,1.51079,9.52443,-0.04264,0.0214,-0.00736,273.98218,-5.25279,-1.4128,-0.04264
2018.03.21 11:09:20,25.02,-1.8,-40.2,-0.40224,1.49403,9.40232,0.05327,0.02507,-0.07028,274.75146,-6.49489,-1.52732,0.05327
2018.03.21 11:09:20,24.18,-1.08,-41.1,-0.07422,1.41502,10.40791,-0.06402,-0.1307,-0.07944,275.36639,-6.82446,-0.99723,-0.06402
2018.03.21 11:09:20,23.64,-0.36,-40.92,-0.02634,0.27534,11.19563,-0.16542,-0.14964,-0.08555,276.1532,-5.89198,-0.12066,-0.16542
2018.03.21 11:09:20,22.8,-0.3,-40.56,0.09577,0.16281,8.98811,0.11924,0.12525,-0.10326,276.62457,-5.02158,-0.06081,0.11924
2018.03.21 11:09:20,23.76,-0.12,-40.8,-0.05986,0.4597,9.41189,0.01295,0.11731,0.02318,277.08545,-3.757,-0.83791,0.01295
2018.03.21 11:09:20,24.54,-0.84,-40.86,0.31844,1.02954,8.65291,-0.03286,0.05011,-0.00369,276.6506,-4.20653,-0.62699,-0.03286
2018.03.21 11:09:21,24.72,-0.48,-40.44,0.48604,1.62571,9.29218,-0.03164,0.055,0.06594,276.25244,-4.6923,-0.46166,1008.00732
2018.03.21 11:09:21,24.6,-0.72,-40.32,0.02394,1.48684,10.97775,0.00318,0.03728,0.05495,275.87274,-6.42051,0.20943,1008.00635
2018.03.21 11:09:21,24.54,-1.38,-40.5,0.26816,0.82842,12.11264,-0.05669,-0.17163,0.09099,275.43121,-7.11395,0.67578,1008.01196
2018.03.21 11:09:21,24.84,-2.52,-41.4,-0.00239,0.07901,10.15172,0.05266,-0.03907,0.01036,275.39566,-7.13681,1.01432,0.05266
2018.03.21 11:09:21,24.6,-1.68,-40.68,-0.72068,0.70392,8.91867,-0.12694,-0.02197,0.11237,275.61139,-4.99272,-0.36754,-0.12694
2018.03.21 11:09:21,24.66,-1.32,-41.1,0.05028,1.33361,8.83727,-0.08173,0.01835,0.11848,274.67114,-4.20159,-1.25433,1008.00806
2018.03.21 11:09:21,25.2,-1.74,-41.04,-0.01197,1.48684,9.18683,-0.02248,0.01102,0.00241,274.25015,-4.93852,-0.87818,-0.02248
2018.03.21 11:09:21,25.44,-0.96,-40.62,-0.25619,1.38389,9.76385,-0.04141,0.07455,-0.09166,274.84503,-6.27022,-0.93175,-0.04141
2018.03.21 11:09:21,25.02,-1.08,-41.1,-0.28252,1.3384,12.04081,0.0154,-0.13987,-0.27431,276.02264,-6.42521,-0.86573,0.0154
2018.03.21 11:09:22,25.02,-1.02,-40.8,0.11732,0.45252,11.44463,0.02395,-0.07573,-0.2682,277.8822,-6.84029,-0.03455,0.02395
2018.03.21 11:09:22,25.08,-0.78,-41.22,0.08619,-0.3759,9.60583,-0.00537,-0.05251,-0.17718,279.18811,-6.41154,0.31857,-0.00537
2018.03.21 11:09:22,25.2,0.3,-41.1,-0.05267,0.87391,9.19641,-0.03164,0.01468,-0.00797,279.79849,-5.07003,-0.1747,-0.03164
2018.03.21 11:09:22,25.86,0.3,-41.34,0.15802,0.94813,9.08867,0.00135,0.09165,-0.0715,279.83289,-5.13781,-0.39967,0.00135
2018.03.21 11:09:22,25.68,-0.06,-40.2,0.01437,1.52755,9.32091,-0.02859,0.07943,0.10932,279.57114,-5.34269,-0.60821,-0.02859
2018.03.21 11:09:22,27.18,-1.2,-41.16,0.14366,1.89148,9.98173,0.10458,0.08005,0.09954,278.79547,-7.37441,-0.50752,1008.01709
2018.03.21 11:09:22,27,-0.84,-41.28,0.57702,1.65444,11.20999,0.09908,-0.13742,0.16674,277.90533,-8.44302,0.57668,1008.0127
2018.03.21 11:09:22,26.94,-2.4,-41.4,0.03591,0.03352,11.81575,-0.14282,-0.02075,-0.07272,277.90961,-7.63902,1.08404,1008.01758
2018.03.21 11:09:22,26.94,-1.74,-41.28,-0.74223,0.32323,8.97853,0.02822,0.07394,-0.03485,277.68958,-6.00684,0.63617,0.02822
2018.03.21 11:09:22,27.72,-2.94,-40.92,-0.52674,0.45491,9.1605,0.01295,0.04278,0.03418,277.20679,-4.69761,-0.94183,1008.02441
2018.03.21 11:09:23,27.96,-4.08,-42.18,-0.38308,1.38389,8.48052,0.03311,0.04645,0.10382,275.94772,-4.83046,-1.65176,1008.02295
2018.03.21 11:09:23,28.26,-4.26,-40.86,-0.1245,1.57304,9.89314,-0.09761,0.0605,-0.00064,275.14047,-5.6613,-1.93846,-0.09761
2018.03.21 11:09:23,28.86,-3.12,-40.92,-0.14845,1.5874,10.23792,0.01295,-0.02869,-0.05012,275.04327,-6.74211,-1.9229,0.01295
2018.03.21 11:09:23,27.96,-3.66,-41.34,-0.17957,1.29291,10.79339,-0.1813,-0.13009,-0.02813,275.09351,-7.35929,-0.93837,-0.1813
2018.03.21 11:09:23,27.72,-3.72,-42.06,0.40703,0.13887,10.43664,0.01356,-0.12521,-0.06173,275.28491,-6.36587,-0.24763,0.01356
2018.03.21 11:09:23,27.78,-2.76,-42.12,-0.419,0.56984,8.57629,0.0887,0.18023,-0.21933,275.74619,-4.64156,-0.10941,0.0887
2018.03.21 11:09:23,28.02,-3.54,-41.64,-0.03113,1.09897,8.60502,0.11252,0.04034,0.0128,275.33923,-4.76722,-0.53717,0.11252
2018.03.21 11:09:23,28.26,-2.46,-41.04,0.09098,0.98884,9.03839,-0.02798,0.01957,-0.01958,275.02185,-5.21633,-0.58006,-0.02798
2018.03.21 11:09:23,28.08,-2.28,-41.46,0.19633,2.08781,9.96976,0.02822,0.00674,0.09588,274.29871,-6.11375,-0.23179,0.02822
2018.03.21 11:09:24,28.44,-3.06,-41.82,-0.19633,1.52515,10.63058,0.03739,0.01529,0.02441,273.9505,-7.93556,0.06179,1008.02026
2018.03.21 11:09:24,28.08,-3.48,-43.38,-0.58181,0.05746,11.23633,-0.08418,-0.05923,0.05189,273.50635,-7.80048,0.34691,1008.02222
2018.03.21 11:09:24,28.44,-2.94,-42.96,-0.26576,-0.09577,10.27623,-0.01087,-0.08916,0.10504,273.02896,-5.74682,-0.19362,1008.02319
2018.03.21 11:09:24,28.86,-3.36,-42.9,-0.14366,0.97208,8.91628,0.06976,-0.0293,0.13253,272.17343,-4.3779,-0.54861,0.06976
2018.03.21 11:09:24,28.38,-3.6,-43.68,-0.00479,1.51797,8.46616,0.02273,0.04462,0.06472,271.40417,-5.03296,-0.89395,0.02273
2018.03.21 11:09:24,28.98,-3.96,-43.26,0.00239,1.73585,8.70079,-0.06035,0.03301,-0.01102,271.27661,-6.23735,-0.96999,1008.0105
2018.03.21 11:09:24,29.64,-2.76,-44.16,-0.20112,1.69994,10.05835,-0.09639,-0.02197,-0.03057,271.66006,-7.49612,-0.77034,-0.09639
2018.03.21 11:09:24,28.56,-3,-44.7,0.61293,1.7981,10.46777,-0.06341,-0.22844,-0.02935,272.0719,-8.19758,0.38999,-0.06341
2018.03.21 11:09:24,28.14,-0.6,-45.3,0.32083,0.10535,12.28263,-0.12266,-0.091,-0.18329,273.82767,-7.05803,1.53955,-0.12266
2018.03.21 11:09:25,27,-1.26,-46.38,0.3328,-0.19633,9.66329,0.00196,0.16923,-0.32745,275.60178,-6.96798,1.26682,0.00196
2018.03.21 11:09:25,27.84,-0.66,-45.06,-0.12929,0.8763,8.91628,0.03311,0.11303,-0.13198,277.02853,-6.48349,0.40047,0.03311
2018.03.21 11:09:25,29.16,0.18,-45.54,0.22027,1.10855,8.85403,0.04533,0.11059,0.02624,277.25919,-6.87487,-0.18447,0.04533
2018.03.21 11:09:25,29.46,0.06,-45.66,-0.02394,1.68318,8.97135,-0.03836,0.1112,0.09832,277.34839,-7.03038,-0.67746,-0.03836
2018.03.21 11:09:25,30.06,-0.6,-46.2,0.04549,1.60177,11.11901,0.02273,0.03423,0.12886,276.67804,-8.32203,-0.32039,1008.01221
2018.03.21 11:09:25,30.06,-1.26,-46.14,0.34717,1.57064,10.5396,-0.11838,0.02446,0.04884,275.87262,-9.37283,0.44123,-0.11838
2018.03.21 11:09:25,29.1,-2.04,-46.56,0.4621,0.52195,8.68882,0.14918,-0.1081,0.05434,276.05093,-9.58333,0.77687,1008.01025
2018.03.21 11:09:25,30.18,-2.04,-46.92,-0.53392,0.65364,9.52921,-0.17886,0.02629,-0.07578,276.50116,-6.84831,0.42618,1008.00659
2018.03.21 11:09:25,29.52,-1.92,-46.98,0.04789,1.30249,8.95219,0.01173,0.02201,0.03784,276.22769,-5.90562,-0.01725,0.01173
2018.03.21 11:09:25,29.4,-1.62,-47.7,-0.30168,1.39586,9.39992,-0.07257,-0.03174,-0.07517,276.57718,-6.30548,-0.18873,-0.07257
2018.03.21 11:09:26,28.92,-1.32,-47.46,-0.63927,1.60895,10.11102,-0.04325,0.00063,-0.09044,277.27429,-6.87015,-0.80441,1008.00806
2018.03.21 11:09:26,28.38,-0.84,-48.12,-0.64885,1.61374,11.3345,0.03555,-0.00486,0.01402,278.42535,-7.77468,-1.42838,0.03555
2018.03.21 11:09:26,28.14,-2.94,-48.06,0.44055,0.55547,10.76466,-0.03042,-0.08306,-0.06845,278.66251,-8.16165,-0.77779,-0.03042
2018.03.21 11:09:26,28.14,-1.5,-49.08,0.72068,0.38308,9.76864,0.03922,0.03301,-0.04218,278.84808,-6.43784,0.03611,0.03922
2018.03.21 11:09:26,27.9,-1.86,-48.66,0.19154,0.92419,9.14613,0.03128,0.05561,-0.00553,278.96454,-5.21172,0.26948,0.03128
2018.03.21 11:09:26,27.6,-1.98,-48.66,0.22027,1.06306,8.70079,0.05632,-0.02869,-0.00736,278.64224,-5.42818,0.37393,0.05632
2018.03.21 11:09:26,27.48,-2.04,-47.94,0.21788,1.57304,8.91628,-0.06768,0.02995,0.05739,278.18793,-5.42028,0.29979,-0.06768
2018.03.21 11:09:26,27.78,-2.28,-48.72,0.29928,1.91063,10.08708,0.01601,0.05805,0.07389,277.57092,-6.67332,0.26363,0.01601
2018.03.21 11:09:26,28.5,-4.08,-48.72,0.08859,1.76697,10.52763,0.12413,0.06111,0.13803,277.07364,-8.37177,0.3398,1008.00537
2018.03.21 11:09:27,28.08,-3.18,-48.24,-0.36872,0.2083,11.34168,-0.17275,0.03423,-0.08188,276.91629,-7.90465,0.1981,1008.0166
2018.03.21 11:09:27,29.1,-4.86,-47.7,-0.45012,0.0838,9.59146,0.05571,-0.04274,0.09893,276.06421,-7.04267,-0.04947,1008.01001
2018.03.21 11:09:27,28.02,-4.74,-48,-0.22985,0.8763,8.95219,0.00379,-0.02075,0.14841,275.1449,-5.32046,-0.9532,1008.00903
2018.03.21 11:09:27,28.92,-6.3,-47.28,0.27534,1.44375,9.10782,-0.05974,-0.03724,0.05617,273.64005,-5.54763,-0.89409,-0.05974
2018.03.21 11:09:27,28.98,-5.34,-47.94,-0.13887,1.62332,9.33049,0.01417,0.03606,-0.08555,273.51318,-6.34937,-0.52643,0.01417
2018.03.21 11:09:27,28.74,-5.04,-46.98,-0.06225,1.74064,10.01286,0.03861,0.00735,-0.11793,273.88538,-7.5304,-0.60406,1008.01318
2018.03.21 11:09:27,28.44,-5.46,-47.28,0.66561,0.59378,10.94902,-0.00598,-0.22478,-0.06478,274.3573,-7.93538,-0.09348,-0.00598
2018.03.21 11:09:27,27.96,-4.68,-47.52,0.6273,0.65603,10.59467,0.02517,-0.08916,-0.0263,274.77008,-6.8242,0.32355,0.02517
2018.03.21 11:09:27,27.06,-3.72,-48.06,0.45252,0.03831,10.14694,0.04777,0.04645,-0.15336,275.55463,-6.49177,0.4518,0.04777
2018.03.21 11:09:28,27.96,-4.14,-47.82,0.08141,1.02714,8.68643,0.02517,0.03728,-0.13259,275.80292,-5.29428,0.99391,0.02517
2018.03.21 11:09:28,27.66,-3.66,-46.68,0.0838,1.39586,8.31053,0.03006,0.05011,-0.06173,274.85016,-5.52509,0.68709,0.03006
2018.03.21 11:09:28,27.72,-3.66,-46.8,0.35675,1.69036,10.22355,-0.1642,0.12464,0.08855,274.19705,-5.75354,0.29414,-0.1642
2018.03.21 11:09:28,28.38,-4.56,-46.92,-0.04549,1.38389,10.93944,0.07648,0.00857,0.00486,273.74988,-7.45486,0.48449,0.07648
2018.03.21 11:09:28,28.56,-4.08,-46.08,0.09817,0.90264,12.16052,-0.21062,0.00369,0.01585,273.15872,-7.43483,0.31933,-0.21062
2018.03.21 11:09:28,28.5,-5.58,-47.22,0.12211,0.47407,8.78699,0.26341,-0.0574,0.19178,272.36673,-7.73231,0.45117,1008.02441
2018.03.21 11:09:28,29.16,-5.88,-46.92,-0.64406,0.78532,8.9929,-0.04508,-0.04152,0.14536,271.62842,-5.94095,-0.65124,1008.01611
2018.03.21 11:09:28,28.5,-6.72,-46.32,0.00239,1.32882,8.72953,0.02822,0.02323,0.15269,269.99823,-5.85794,-0.9058,1008.01318
2018.03.21 11:09:28,27.9,-7.2,-46.26,-0.09098,1.57304,9.16528,0.0325,0.06966,-0.01225,269.52399,-6.05556,-1.02476,0.0325
2018.03.21 11:09:28,28.62,-7.08,-46.98,0,1.80289,9.51006,0.05266,0.01835,-0.02446,269.38962,-7.39973,-1.37894,0.05266
2018.03.21 11:09:29,28.68,-7.56,-47.4,0.64645,1.25699,11.51167,-0.02431,-0.08916,-0.04462,269.50348,-7.85823,-0.71935,1008.02246
2018.03.21 11:09:29,27.54,-6.48,-47.64,-0.0838,0.39027,10.89156,-0.08662,-0.01403,-0.20467,270.39343,-6.91903,-0.05268,-0.08662
2018.03.21 11:09:29,27.24,-6.72,-47.64,-0.16999,0.16042,10.1206,0.01845,0.0721,-0.19734,271.10306,-6.41927,-0.08142,0.01845
2018.03.21 11:09:29,27.96,-6.72,-46.8,0.34956,1.24263,8.75826,0.20232,-0.01586,-0.06722,270.95459,-5.98362,-0.29608,0.20232
2018.03.21 11:09:29,28.38,-7.74,-47.28,-0.03113,1.49163,8.31292,0.08931,0.08066,-0.09716,270.92484,-6.87609,-0.50514,0.08931
2018.03.21 11:09:29,28.62,-7.14,-47.22,-0.20112,1.75261,9.84526,-0.06646,0.01957,-0.00736,270.57214,-7.4031,-0.63037,-0.06646
2018.03.21 11:09:29,28.56,-8.76,-47.7,0.19154,2.06626,10.32651,0.07221,-0.04335,-0.0153,269.92242,-9.46274,-0.15206,0.07221
2018.03.21 11:09:29,29.16,-10.2,-47.94,0.71828,1.79092,10.70001,-0.09028,0.06783,0.15757,268.73492,-10.70621,0.3221,-0.09028
2018.03.21 11:09:29,29.16,-10.92,-48.3,0.15563,0.60096,9.47175,0.08381,0.02079,0.12214,267.99243,-10.21552,0.07396,0.08381
2018.03.21 11:09:30,29.22,-10.38,-47.4,-0.48604,0.3352,9.73273,-0.23445,0.03484,-0.09227,267.50906,-6.03277,-0.11382,1008.0105
2018.03.21 11:09:30,28.26,-10.98,-47.88,-0.32802,1.35516,8.68882,0.01295,0.05317,0.12398,265.94586,-5.18172,-1.10009,1008.00293
2018.03.21 11:09:30,29.82,-11.52,-47.64,-0.23703,1.34798,9.08867,-0.08845,0.01407,0.02746,263.91626,-5.78559,-1.23839,1007.99927
2018.03.21 11:09:30,29.94,-11.52,-47.64,-0.38787,1.91781,9.93145,-0.11105,0.11609,-0.03485,263.39059,-6.48384,-1.85218,-0.11105
2018.03.21 11:09:30,29.52,-10.74,-47.28,-0.07422,1.99204,10.36482,0.038,-0.07328,-0.10815,263.37103,-8.03311,-1.70016,0.038
2018.03.21 11:09:30,29.82,-10.98,-47.7,-0.06704,1.4629,10.89634,-0.14526,-0.21378,-0.14053,264.1192,-8.7087,-0.7369,1008.01025
2018.03.21 11:09:30,29.34,-10.26,-48.06,0.28013,-0.41182,10.86522,-0.04203,-0.13315,-0.23704,265.24634,-8.24077,-0.1392,-0.04203
2018.03.21 11:09:30,29.46,-9.6,-47.82,-0.25858,0.62012,9.04078,-0.00293,0.01224,-0.06234,266.09781,-7.6622,-0.55957,-0.00293
2018.03.21 11:09:30,29.58,-9.9,-47.76,0.14126,1.32403,8.64573,0.09053,0.03301,-0.03424,265.67767,-7.48273,-0.43736,0.09053
2018.03.21 11:09:31,30.3,-9.78,-46.38,-0.11253,1.36953,8.70319,0.03311,0.05133,-0.06112,265.67419,-7.52664,-0.64898,0.03311
2018.03.21 11:09:31,30.12,-10.32,-47.1,0.19394,2.07344,9.78301,-0.06341,-0.00242,0.07877,265.0401,-7.71248,-0.6178,-0.06341
2018.03.21 11:09:31,29.7,-9.9,-45.66,-0.29689,1.89627,10.72635,0.01784,0.01957,-0.0043,264.69791,-9.38294,-0.21416,0.01784
2018.03.21 11:09:31,29.76,-10.08,-45.66,-0.58181,0.88588,11.98335,-0.31936,-0.0012,-0.03607,264.3978,-9.03204,-0.33046,-0.31936
2018.03.21 11:09:31,28.86,-9.24,-46.08,0.34238,0.90264,8.86361,0.22187,-0.08733,0.16124,263.69897,-8.5754,0.1072,0.22187
2018.03.21 11:09:31,29.1,-9.78,-45.6,-0.57223,0.19633,9.80216,0.00073,-0.01708,-3e-05,263.59467,-7.81547,-0.07301,1008.0188
2018.03.21 11:09:31,29.4,-10.44,-45.42,-0.17957,1.47966,8.17645,0.14795,0.09898,0.05739,262.88089,-6.26397,-0.92522,1008.01416
2018.03.21 11:09:31,28.62,-9.84,-44.82,-0.45731,1.35755,9.1605,-0.06829,0.01835,-0.08066,262.85544,-6.58449,-1.14243,1008.00366
2018.03.21 11:09:31,29.46,-9.18,-44.28,-0.47407,2.1764,10.09905,-0.09761,0.0776,0.03601,262.90564,-7.35092,-2.22309,-0.09761
2018.03.21 11:09:31,28.8,-8.22,-43.44,-0.00958,2.15245,10.42707,0.06915,-0.1026,-0.06539,263.17151,-9.08926,-2.21175,0.06915
2018.03.21 11:09:32,29.28,-9.54,-44.22,0.81645,1.35037,11.24112,-0.02736,-0.26632,-0.12403,264.19962,-9.76335,-0.87396,1008.00391
2018.03.21 11:09:32,28.32,-7.44,-43.68,0.57463,-0.21788,10.83888,-0.02736,-0.09955,-0.10265,265.948,-8.80503,-0.35338,-0.02736
2018.03.21 11:09:32,27.96,-6.66,-43.56,0.01915,0.9218,8.76544,0.07343,0.07882,0.02868,266.75824,-7.73722,-0.79205,0.07343
2018.03.21 11:09:32,28.68,-7.02,-43.74,0.15563,1.47966,8.43024,0.07893,0.08554,0.00608,266.62622,-7.18067,-0.62464,0.07893
2018.03.21 11:09:32,29.22,-7.02,-42.96,-0.23224,0.81166,9.41908,0.02945,0.05317,-0.05684,266.98965,-7.31304,-0.81056,0.02945
2018.03.21 11:09:32,29.7,-6.42,-43.14,0.39984,2.09978,9.45978,-0.02675,-0.02502,0.10015,266.62637,-7.44432,-0.35351,-0.02675
2018.03.21 11:09:32,29.1,-6,-43.02,-0.25379,2.1764,10.2451,-0.0292,0.08127,-0.01591,266.9231,-9.09325,-0.17779,-0.0292
2018.03.21 11:09:32,29.94,-6.18,-42.24,0.14845,1.86035,11.23873,-0.09945,0.01041,0.11176,266.89859,-9.8684,-0.34211,-0.09945
2018.03.21 11:09:32,29.22,-6.24,-41.94,-0.32083,0.01915,9.60104,0.22798,-0.10688,0.0861,267.34198,-9.15945,-0.10604,1008.0061
2018.03.21 11:09:33,29.1,-6.18,-41.76,-0.86433,-0.03831,9.71357,0.03739,-0.03907,0.02746,267.23331,-5.6889,-0.63314,1008.00684
2018.03.21 11:09:33,29.22,-6.6,-42,-0.14845,0.72307,9.9123,0.02334,2e-05,0.0916,266.53333,-4.0374,-1.42884,1008.00757
2018.03.21 11:09:33,30.18,-7.32,-40.98,0.2514,1.52994,8.44461,0.09847,0.00369,0.02135,265.72632,-5.12211,-1.25956,1008.01001
2018.03.21 11:09:33,29.76,-8.16,-41.34,-0.43336,1.61614,8.77981,-0.02798,0.02079,-0.11731,265.90894,-6.23397,-0.91007,-0.02798
2018.03.21 11:09:33,30.18,-6.6,-41.34,-0.49083,2.20513,10.04398,-0.10128,0.01407,-0.10998,266.76376,-7.86137,-1.57147,-0.10128
2018.03.21 11:09:33,29.88,-7.5,-40.86,-0.18675,2.33202,10.75987,0.00929,-0.06839,-0.02446,267.44821,-9.10131,-1.73491,1008.01099
2018.03.21 11:09:33,29.58,-7.32,-41.04,-0.06704,0.44055,10.34327,-0.14099,-0.14659,0.00669,267.53741,-8.6818,-0.6998,-0.14099
2018.03.21 11:09:33,30.12,-7.86,-40.74,0.44055,-0.12211,9.18923,0.12963,0.10448,-0.19123,267.31235,-6.27946,0.60951,0.12963
2018.03.21 11:09:33,30.12,-7.32,-40.2,0.41182,0.88349,9.62498,-0.03653,0.00796,0.11909,267.24402,-5.05347,-0.01133,-0.03653
2018.03.21 11:09:34,30.66,-7.74,-39.78,-0.12929,1.00799,9.29457,0.06732,0.06966,0.09954,266.15417,-5.33683,-0.20946,0.06732
2018.03.21 11:09:34,31.44,-8.82,-39,-0.22985,1.14925,8.88994,0.07648,0.08554,0.23577,264.58401,-5.92006,-0.77093,0.07648
2018.03.21 11:09:34,31.08,-10.5,-39.9,-0.5842,1.61135,9.54837,-0.05974,0.07088,0.37138,262.12888,-5.89602,-0.89496,-0.05974
2018.03.21 11:09:34,31.02,-13.2,-38.82,-0.58181,1.82444,9.96018,-0.00904,0.08738,0.68231,258.2439,-6.1171,-1.20331,-0.00904
2018.03.21 11:09:34,29.64,-14.94,-38.28,-0.14605,0.94813,10.08469,-0.10189,-0.02075,0.92788,253.1629,-6.48548,-1.21879,-0.10189
2018.03.21 11:09:34,29.7,-17.28,-38.04,-0.98405,0.03591,11.39196,-0.26377,-0.08367,0.86618,247.19913,-5.46145,-0.57906,-0.26377
2018.03.21 11:09:34,27.42,-20.82,-37.8,-1.30967,-0.11253,9.09824,0.11497,-0.05496,1.09586,240.26064,-5.6387,-0.12978,1008.00391
2018.03.21 11:09:34,25.02,-25.38,-36.9,-1.92021,-0.28492,9.68484,0.08137,0.14785,1.53752,231.33653,-5.40819,-1.18813,1008.01123
2018.03.21 11:09:34,21.96,-29.64,-36.18,-1.49882,0.48843,10.38397,0.11863,0.41846,2.19603,220.11884,-5.11334,-3.44285,0.11863
2018.03.21 11:09:34,15.84,-35.4,-34.26,-0.57941,0.73265,9.98173,0.20721,0.45389,2.25529,205.64961,-6.90054,-5.07667,1008.0083
2018.03.21 11:09:35,9.84,-38.4,-33.66,0.419,1.25221,9.53161,0.02089,0.2633,1.89488,192.91464,-8.13344,-5.5059,1008.00562
2018.03.21 11:09:35,5.46,-40.68,-33.78,0.23224,1.47727,9.6609,-0.14038,0.17962,1.12457,184.94574,-7.90671,-5.55956,-0.14038
2018.03.21 11:09:35,2.1,-39.9,-33.9,0.47407,1.43896,9.79737,0.02028,-0.04946,0.71591,179.09645,-7.87856,-4.60907,0.02028
2018.03.21 11:09:35,-0.3,-40.5,-33.54,0.47646,1.36234,10.23792,-0.06463,-0.15025,0.46179,175.3564,-8.44564,-2.49952,-0.06463
2018.03.21 11:09:35,-3.36,-39.9,-33.6,0.1676,0.85715,11.2914,-0.26072,-0.18629,0.18873,173.90656,-7.1551,-0.74964,-0.26072
2018.03.21 11:09:35,-2.88,-39.06,-34.2,0.01197,-0.16281,10.44143,0.04288,0.0324,-0.21628,174.96735,-6.70073,-0.44918,0.04288
2018.03.21 11:09:35,-2.94,-39.66,-33.78,-0.08619,0.82842,9.66808,-0.08479,0.03057,-0.09532,175.22183,-6.42378,-0.03589,-0.08479
2018.03.21 11:09:35,-2.46,-38.46,-33.78,-0.00239,1.11094,9.03599,-0.01637,0.19672,0.05006,175.27567,-5.94681,-0.49522,-0.01637
2018.03.21 11:09:35,-3.36,-38.64,-33.9,0.28731,1.16841,8.79178,-0.01637,0.13808,0.11787,174.76923,-5.8896,-1.02678,-0.01637
2018.03.21 11:09:36,-2.7,-37.68,-34.14,0.68955,1.84838,9.03839,-0.0628,0.04217,0.17529,174.30606,-5.06086,-1.41383,-0.0628
2018.03.21 11:09:36,-2.64,-37.56,-35.22,-0.28492,1.57543,10.45101,-0.02614,0.02507,0.01708,174.41718,-5.63867,-1.23851,1007.99219
2018.03.21 11:09:36,-4.38,-36.84,-34.38,-0.61054,0.5842,11.63378,-0.1532,0.16373,-0.00858,173.57077,-6.24673,-1.3681,1007.99268
2018.03.21 11:09:36,-4.44,-35.82,-34.98,-0.95292,-0.4166,11.13817,0.17911,0.00674,0.18201,173.33614,-5.21403,-1.10409,0.17911
2018.03.21 11:09:36,-5.16,-35.7,-34.26,-0.57941,-0.25379,8.83727,0.11619,-0.00425,0.19972,171.7841,-5.39972,-1.08885,1008.00171
2018.03.21 11:09:36,-5.4,-34.98,-34.44,-0.6704,0.63209,8.32489,0.01173,0.11181,0.06778,170.88029,-4.71726,-1.48821,1008.00562
2018.03.21 11:09:36,-5.16,-35.28,-34.32,-0.22506,0.81884,9.40471,-0.10617,-0.0293,0.14414,169.75232,-4.37616,-1.69274,-0.10617
2018.03.21 11:09:36,-5.52,-33.72,-35.16,-0.11493,1.51797,9.77822,0.02456,-0.02747,0.09343,168.98898,-4.37637,-1.65998,0.02456
2018.03.21 11:09:36,-5.58,-33.48,-34.5,-0.45252,1.26897,10.36003,0.10031,-0.02808,0.0299,168.57164,-6.1302,-1.23309,1007.99854
2018.03.21 11:09:37,-7.38,-34.26,-33,-0.73025,0.02155,12.56755,0.18094,-0.33412,0.05495,168.20277,-7.15779,0.34284,0.18094
2018.03.21 11:09:37,-6.78,-32.46,-33.78,1.01757,0.19154,11.03042,-0.11411,-0.06106,0.12642,167.71092,-6.28196,0.5537,-0.11411
2018.03.21 11:09:37,-6.3,-32.46,-34.08,-0.27534,-0.11732,8.68403,0.07648,0.16373,-0.23094,169.01039,-6.30362,-0.20018,0.07648
2018.03.21 11:09:37,-4.2,-32.64,-34.74,0.30886,1.01996,8.81572,0.05816,0.08676,-0.10204,169.74117,-5.81298,-0.72137,0.05816
2018.03.21 11:09:37,-2.16,-32.52,-35.34,-0.15323,1.01278,8.96416,0.0215,0.11486,-0.19184,170.91615,-5.82697,-0.86503,0.0215
2018.03.21 11:09:37,-1.68,-32.46,-34.92,0.22746,1.80528,9.66569,0.03128,-0.06717,0.0183,171.46532,-6.17711,-0.74779,0.03128
2018.03.21 11:09:37,-1.32,-32.52,-34.68,-0.17957,1.52994,10.83888,0.18277,0.04645,0.01463,171.95168,-8.34389,-0.34426,1007.99438
2018.03.21 11:09:37,-0.18,-31.86,-33.84,-0.29689,0.77814,11.58829,-0.14587,0.01041,0.01769,171.96736,-9.06757,-0.26375,1008.00098
2018.03.21 11:09:37,0.24,-31.68,-33.66,-0.39027,0.25379,9.37119,0.11497,0.03667,0.05373,172.53101,-7.42358,-0.42978,0.11497
2018.03.21 11:09:37,0.42,-31.38,-34.26,-0.67279,0.08141,9.51485,-0.0347,-0.00914,-0.03729,173.28192,-4.45111,-1.26915,1008.00586
2018.03.21 11:09:38,1.92,-31.26,-35.28,-0.34956,1.506,8.85163,-0.08845,0.09532,0.09038,173.54401,-3.47055,-2.01957,1008.00317
2018.03.21 11:09:38,2.22,-30.48,-35.52,-0.64885,1.14925,9.28979,-0.1532,-0.00303,-0.01286,174.08466,-4.90134,-2.10775,-0.1532
2018.03.21 11:09:38,3.72,-29.7,-34.98,-0.10295,2.02556,9.6202,-0.07379,0.01652,0.10015,174.93668,-5.47232,-2.61573,-0.07379
2018.03.21 11:09:38,5.16,-29.16,-35.34,-0.05507,1.54431,10.8293,-0.00171,-0.07084,0.04151,175.73901,-7.34941,-1.8275,1007.9812
2018.03.21 11:09:38,6.06,-29.82,-35.76,-0.00239,0.60096,11.93546,-0.05669,-0.12276,-0.16496,177.84178,-7.53632,-0.76437,-0.05669
2018.03.21 11:09:38,6.96,-30,-35.88,0.86194,-0.13408,10.35763,0.10947,-0.12582,0.02318,179.85422,-6.81985,0.2609,0.10947
2018.03.21 11:09:38,8.46,-30.48,-36.06,-0.35675,0.36872,8.6146,-0.04813,0.15274,-0.05562,182.20534,-5.93273,-0.40673,-0.04813
2018.03.21 11:09:38,9.6,-31.02,-36.36,-0.15802,0.62491,8.86839,0.01417,0.13869,-0.07028,183.83986,-4.66388,-1.00491,0.01417
2018.03.21 11:09:38,10.62,-31.74,-36.24,-0.18196,0.99362,8.66249,-0.01576,0.15091,-0.05684,185.72633,-4.48853,-1.47919,-0.01576
2018.03.21 11:09:39,12,-32.34,-36.18,0.15323,1.73345,10.11102,-0.06829,0.02018,0.04762,187.10289,-4.83922,-1.2441,-0.06829
2018.03.21 11:09:39,11.82,-33.42,-35.52,0.10774,1.29051,10.4534,0.18399,-0.12459,0.13009,188.26115,-6.51166,-0.57342,1007.98926
2018.03.21 11:09:39,12.48,-33.66,-36.24,-0.32323,-0.24182,12.03123,-0.15381,-0.06229,-0.07578,189.08658,-5.9491,-0.52174,1008.00391
2018.03.21 11:09:39,11.16,-36.48,-36.6,-0.4621,-0.21309,9.23472,-0.02003,-0.06229,-0.06845,190.41248,-5.33566,-0.12056,-0.02003
2018.03.21 11:09:39,9.78,-37.14,-37.74,-0.71349,0.09817,9.84286,-0.07074,-0.06839,0.06411,190.93172,-2.54344,-1.48123,1008.00562
2018.03.21 11:09:39,8.34,-36.48,-37.74,-0.12929,0.89546,8.19081,0.10214,0.02385,0.07266,190.43422,-2.84483,-1.8491,1008.00708
2018.03.21 11:09:39,7.86,-37.5,-36.72,-0.13887,1.08461,8.95938,-0.06524,-0.03052,0.07328,190.25519,-2.96531,-1.71114,-0.06524
2018.03.21 11:09:39,6.66,-37.8,-37.86,-0.33759,1.73585,9.89314,-0.0127,-0.02258,0.05006,189.9062,-4.5002,-1.9013,-0.0127
2018.03.21 11:09:39,5.82,-37.56,-37.38,0.14845,1.35755,10.73593,0.12779,0.01285,0.01036,189.61389,-6.20534,-1.75881,1008.00293
2018.03.21 11:09:40,5.28,-36.96,-37.68,0.45012,0.26098,10.33608,-0.0518,-0.08428,-0.03607,189.64061,-5.57736,-0.70939,-0.0518
2018.03.21 11:09:40,5.58,-36.78,-38.88,-0.30886,-0.78532,9.72794,-0.00721,0.15152,-0.26759,190.59592,-3.53494,-0.50257,-0.00721
2018.03.21 11:09:40,5.4,-36.72,-38.1,0.44773,0.56744,9.69202,-0.05974,0.02568,-0.03179,190.49286,-1.65112,-0.449,-0.05974
2018.03.21 11:09:40,5.58,-37.02,-38.28,0.07183,0.57463,8.81333,0.1339,0.05011,-0.06661,190.93719,-2.39068,0.01462,0.1339
2018.03.21 11:09:40,6.06,-37.08,-37.86,-0.02394,1.16841,9.23232,0.01417,0.04278,-0.07944,191.4545,-2.91544,-0.08809,0.01417
2018.03.21 11:09:40,5.22,-36.78,-38.64,-0.05507,1.6736,10.2882,0.04472,-0.0519,0.06045,190.94215,-5.00112,0.16411,0.04472
2018.03.21 11:09:40,4.92,-37.68,-38.64,0.17957,1.59219,10.08708,0.07037,0.01041,0.14658,190.15652,-6.50987,0.28234,0.07037
2018.03.21 11:09:40,4.08,-37.26,-38.1,0.1652,-0.28731,10.36003,0.14429,0.04523,0.07083,189.58711,-6.91063,1.26902,0.14429
2018.03.21 11:09:40,1.86,-38.1,-36.9,-1.02954,-0.19394,9.09346,0.14612,0.00308,0.10076,188.77727,-6.95881,0.8704,1007.99414
2018.03.21 11:09:40,2.16,-37.8,-37.86,-0.34956,0.50519,9.06712,-0.06646,0.08921,0.21927,187.21162,-3.51144,-1.64891,1007.99194
2018.03.21 11:09:41,0.54,-37.02,-37.38,0.12211,1.11573,9.51964,-0.06096,0.01835,0.18934,185.10982,-3.24072,-1.65665,1007.99463
2018.03.21 11:09:41,0.18,-35.82,-38.22,-0.07183,1.56825,9.15571,-0.00232,0.05439,0.01097,184.20305,-4.06116,-1.40897,-0.00232
2018.03.21 11:09:41,1.02,-35.64,-37.56,0.01437,1.39347,10.17806,-0.07013,0.07271,-0.08311,183.84682,-5.68536,-1.35563,-0.07013
2018.03.21 11:09:41,1.38,-35.46,-38.76,0.45491,1.05109,10.64495,0.12596,-0.14964,-0.06295,184.09377,-6.52697,-0.44981,1008.00146
2018.03.21 11:09:41,-0.06,-34.86,-38.7,0.00239,-0.33759,10.27862,-0.12022,-0.07756,-0.15641,184.79277,-5.73031,0.26539,-0.12022
2018.03.21 11:09:41,0.72,-34.26,-38.1,0.10535,0.46928,9.18923,-0.03531,0.12525,-0.13075,185.09857,-4.4308,-0.02794,-0.03531
2018.03.21 11:09:41,1.02,-34.44,-38.34,0.10774,0.74941,8.82051,0.12474,0.09287,-0.08677,185.0135,-3.93902,0.03614,0.12474
2018.03.21 11:09:41,1.92,-34.32,-38.88,0.18196,1.24023,8.51165,0.06304,0.01163,0.00364,185.09996,-4.37412,-0.32943,0.06304
2018.03.21 11:09:41,1.02,-33.78,-38.52,0.19633,1.65923,9.64893,-0.05485,0.03484,-0.04157,184.93381,-5.10092,0.04531,-0.05485
2018.03.21 11:09:42,1.56,-33.66,-37.86,-0.22027,1.20671,11.04,0.0154,-0.04946,-0.04645,184.75386,-6.71999,0.41422,0.0154
2018.03.21 11:09:42,1.08,-34.02,-38.4,0.19872,1.62092,11.03761,-0.1135,0.08371,0.13131,183.66562,-7.34591,0.43477,1008.01294
2018.03.21 11:09:42,1.8,-33.6,-39.24,-0.28252,0.0407,9.72794,0.17422,-0.06168,0.12581,183.30661,-6.90068,0.40998,1008.01318
2018.03.21 11:09:42,1.62,-33.84,-38.82,-0.838,0.02873,9.09824,0.04227,0.01957,0.18018,182.8403,-4.13165,-1.08743,0.04227
2018.03.21 11:09:42,0.3,-34.2,-37.98,-0.22267,1.35755,8.41588,0.07709,0.03667,0.22233,181.34187,-3.5752,-2.04272,1008.00757
2018.03.21 11:09:42,0.18,-33.48,-37.38,-0.31844,1.24742,9.32331,-0.04997,0.02873,0.04334,180.64107,-4.61587,-2.02196,1008.00073
2018.03.21 11:09:42,0.3,-32.76,-38.46,0.03113,1.8388,9.20599,-0.10556,0.0495,-0.01774,180.40298,-5.75376,-2.06868,-0.10556
2018.03.21 11:09:42,0.54,-33.36,-38.34,-0.15802,1.76458,10.66171,0.05205,-0.10932,-0.0379,180.55347,-7.03991,-1.51623,0.05205
2018.03.21 11:09:42,0.48,-31.86,-37.5,0.19633,0.8763,11.39435,-0.13488,-0.09894,-0.13198,181.04483,-6.77226,-0.59795,-0.13488
2018.03.21 11:09:43,1.26,-31.86,-38.64,0,-0.62491,8.98811,0.06121,0.02323,-0.25354,182.34811,-6.35001,-0.49957,0.06121
2018.03.21 11:09:43,2.22,-32.34,-37.98,0.23464,0.88828,9.13176,-0.01881,0.01407,-0.04951,183.43785,-5.37242,-0.73807,-0.01881
2018.03.21 11:09:43,2.46,-32.1,-37.2,-0.0407,0.7518,8.66488,0.10153,0.07088,-0.1051,183.91426,-5.34394,-0.84862,0.10153
2018.03.21 11:09:43,3.6,-31.8,-36.54,-0.18675,1.36234,9.03839,0.04655,0.0043,0.10321,184.19467,-5.4853,-1.15517,0.04655
2018.03.21 11:09:43,3.18,-32.82,-37.26,0.06704,1.7167,9.66329,0.0997,0.01468,0.10565,183.5589,-6.9526,-0.5256,0.0997
2018.03.21 11:09:43,2.4,-32.88,-36,0.28013,1.76458,10.47495,0.1058,0.00124,0.15696,183.05156,-8.11259,0.04109,0.1058
2018.03.21 11:09:43,2.52,-32.76,-35.76,-0.35914,0.1245,11.12141,-0.07013,0.02751,0.04701,182.85477,-7.46105,0.13731,1007.99854
2018.03.21 11:09:43,2.88,-32.88,-36.12,-0.72786,0.01197,8.82051,-0.00904,0.01285,0.00852,182.79192,-5.83131,-0.43158,1008.00464
2018.03.21 11:09:43,2.4,-32.76,-36.6,-0.43097,0.36393,9.36401,0.04655,0.01957,0.16246,182.55833,-3.51164,-1.50605,0.04655
2018.03.21 11:09:43,2.52,-33.12,-36.18,0.02394,1.08221,8.97614,0.03067,0.00735,0.06533,181.98134,-3.77545,-1.48257,1007.99097
2018.03.21 11:09:44,1.92,-32.64,-35.34,-0.43815,1.38868,9.32091,-0.07746,0.0269,-0.1222,182.46609,-4.61015,-1.41792,1007.98999
2018.03.21 11:09:44,2.82,-32.34,-35.52,-0.39506,1.62092,10.61382,-0.07257,-0.04091,-0.14847,183.14922,-6.00306,-1.51439,-0.07257
2018.03.21 11:09:44,3.12,-32.58,-35.22,0.44055,1.55628,11.18845,0.07831,-0.18446,-0.11548,184.08266,-7.19736,-1.20135,0.07831
2018.03.21 11:09:44,2.94,-33.36,-34.56,-0.14366,-0.11732,11.30577,0.15773,-0.09955,-0.0605,185.3578,-7.16688,-0.42154,0.15773
2018.03.21 11:09:44,3.9,-32.76,-33.24,-0.42139,0.12211,9.19162,0.11252,0.10204,-0.27492,186.5135,-6.86445,-0.54666,0.11252
2018.03.21 11:09:44,4.56,-32.94,-33,0.29689,1.49642,8.54996,0.07893,0.07149,0.03296,186.61234,-6.04408,-0.58753,0.07893
2018.03.21 11:09:44,6,-33.3,-33.12,-0.01915,1.06306,8.97853,0.00012,0.08188,-0.07394,187.37767,-6.25843,-0.72994,0.00012
2018.03.21 11:09:44,5.94,-34.02,-32.88,0.20112,1.75979,9.38077,-0.01698,0.0214,0.03723,187.59921,-6.59844,-0.58332,-0.01698
2018.03.21 11:09:44,5.76,-33.6,-32.58,-0.19394,1.5898,10.84846,0.03067,0.0379,-0.01958,187.992,-7.87893,-0.40379,0.03067
2018.03.21 11:09:45,6.36,-34.2,-31.92,-0.02634,1.28333,10.38876,0.02761,-0.0403,0.07328,188.01205,-8.88953,-0.1966,0.02761
2018.03.21 11:09:45,5.94,-34.32,-31.98,0.00718,1.03433,9.115,0.08992,0.02262,0.11787,188.34265,-7.66813,-0.50461,1007.99023
2018.03.21 11:09:45,7.08,-34.2,-31.2,-0.96729,0.13887,9.23711,0.04838,-0.01464,0.06533,188.50429,-6.12569,-1.11631,1007.99097
2018.03.21 11:09:45,5.7,-34.8,-30.48,-0.31126,0.59857,8.80375,0.0435,0.07027,0.1307,187.86459,-4.58707,-1.9971,0.0435
2018.03.21 11:09:45,6.24,-35.28,-30.24,-0.43336,1.28094,8.94262,-0.06463,0.0379,0.06228,187.51796,-4.54724,-2.32615,1007.99951
2018.03.21 11:09:45,6.54,-34.86,-31.44,-0.23224,1.95133,9.79737,-0.10372,0.0324,0.01097,187.72581,-5.41239,-2.65196,1007.99316
2018.03.21 11:09:45,6.3,-34.14,-30.72,-0.22746,1.97767,10.35284,0.0606,-0.01036,-0.06539,188.14517,-7.12708,-2.3397,0.0606
2018.03.21 11:09:45,6.6,-34.98,-30.06,-0.52913,1.05109,10.9562,-0.08906,-0.03785,-0.28897,189.22081,-8.4372,-1.34664,-0.08906
2018.03.21 11:09:45,7.74,-34.56,-30,0.9194,-0.48125,10.00328,0.09725,0.08493,-0.24499,190.79623,-8.00408,-1.04564,0.09725
2018.03.21 11:09:46,8.88,-35.34,-29.28,0.4597,1.35277,9.58668,0.00318,0.10998,-0.212,192.1947,-6.79868,-1.25911,0.00318
2018.03.21 11:09:46,9.12,-34.92,-29.16,-0.38308,1.10855,8.66009,0.10153,0.02751,-0.16374,193.16698,-6.85138,-1.1757,0.10153
2018.03.21 11:09:46,10.08,-35.16,-28.86,0.22746,1.45332,8.66967,0.04472,0.02262,0.04579,193.64877,-7.00546,-1.55391,0.04472
2018.03.21 11:09:46,10.08,-35.04,-28.5,0.21548,1.87951,9.22035,0.03494,-0.0067,0.03174,193.60814,-7.39914,-0.83968,0.03494
2018.03.21 11:09:46,9.06,-35.82,-28.32,0.1245,1.51079,10.40073,0.07648,-0.01586,0.10137,193.53476,-8.5664,-0.081,0.07648
2018.03.21 11:09:46,9.78,-36.18,-27.72,-0.20351,0.46449,11.98335,-0.16359,0.0159,-0.08494,193.79846,-8.15171,0.13147,1008.00293
2018.03.21 11:09:46,8.52,-36.06,-28.14,-0.81405,0.5866,8.6577,0.32022,-0.0403,0.07572,193.84105,-7.89778,-0.24334,1008.00464
2018.03.21 11:09:46,9.18,-36.96,-27.9,-0.68716,-0.1245,9.45978,-0.01637,0.02201,0.0971,193.82219,-5.7377,-1.83657,1008.00879
2018.03.21 11:09:46,9.66,-37.14,-26.46,-0.11253,1.44375,8.83248,0.02395,0.02873,0.09221,193.18523,-4.4081,-2.48706,0.02395
2018.03.21 11:09:47,8.76,-36.72,-26.88,-0.59857,1.20432,9.08627,-0.06707,0.00185,0.02441,192.95796,-5.41259,-2.20619,-0.06707
2018.03.21 11:09:47,8.64,-36.96,-27.18,-0.60575,1.74303,9.96737,-0.06829,-0.06229,0.05373,192.63928,-6.90331,-2.28544,1008.01758
2018.03.21 11:09:47,8.46,-37.98,-27.06,-0.55068,2.06865,9.70639,0.10336,-0.04579,0.11848,192.20139,-8.28198,-2.30074,0.10336
2018.03.21 11:09:47,6.06,-37.74,-26.7,-0.3352,0.60336,11.74631,-0.22284,-0.13864,0.04029,191.21976,-8.19882,-1.09814,-0.22284
2018.03.21 11:09:47,6.6,-39.3,-26.88,0.34478,-0.09338,8.02322,0.28967,0.0214,0.02013,190.6059,-8.49361,-0.42472,0.28967
2018.03.21 11:09:47,5.88,-38.82,-27,-0.19633,1.19235,10.63297,-0.1251,0.03912,0.10809,189.97441,-7.35883,-0.38233,-0.1251
2018.03.21 11:09:47,5.04,-39.3,-26.28,-0.71349,0.43815,9.91948,0.05205,0.08921,0.20339,188.52049,-7.55768,-0.68764,0.05205
2018.03.21 11:09:47,3.6,-41.16,-26.1,-0.28492,1.09418,9.18923,0.10703,0.03118,0.63771,185.14432,-8.03804,-0.87794,0.10703
2018.03.21 11:09:47,0.96,-41.34,-27.06,-0.90264,0.8356,9.65611,-0.02309,0.08554,0.89794,180.45419,-7.99057,-1.21272,-0.02309
2018.03.21 11:09:47,-4.5,-41.52,-26.94,0.07422,1.48684,9.41668,0.16445,-0.14536,1.48254,172.84598,-8.12051,-0.64735,1008.00415
2018.03.21 11:09:48,-8.76,-40.8,-26.58,-1.78134,-0.29689,10.14933,0.06793,-0.02808,1.41474,164.66699,-7.26521,-0.15069,0.06793
2018.03.21 11:09:48,-15.3,-38.7,-26.82,-1.27375,0.03831,9.63456,0.02639,0.19733,1.54118,155.21651,-6.19399,-1.39476,1007.99609
2018.03.21 11:09:48,-19.5,-34.98,-27.72,-0.90264,0.43576,9.58668,-0.05302,0.26575,1.80202,145.40338,-5.69777,-2.66975,1007.98926
2018.03.21 11:09:48,-24.36,-31.44,-28.38,-0.20351,0.5842,9.89314,-0.08112,0.33661,1.67374,134.42468,-5.67371,-3.60126,-0.08112
2018.03.21 11:09:48,-27.72,-25.86,-29.46,0.53392,1.3791,9.41189,-0.05241,0.18878,1.35792,125.16473,-5.64078,-3.96682,-0.05241
2018.03.21 11:09:48,-28.5,-23.1,-30.66,0.50998,1.5874,9.59146,-0.06951,0.12281,1.10991,118.87476,-5.98441,-3.22458,1007.98804
2018.03.21 11:09:48,-29.88,-20.28,-31.26,0.13408,1.92739,10.34806,0.10092,-0.19362,0.64382,113.12327,-7.39183,-1.25926,0.10092
2018.03.21 11:09:48,-31.8,-17.94,-30.84,0.1245,0.72786,11.55238,-0.28148,-0.13559,0.35305,110.5789,-6.59324,0.15976,-0.28148
2018.03.21 11:09:48,-31.44,-17.04,-30.18,0.74941,-0.55068,9.00966,0.28357,0.08676,0.10504,109.13152,-7.08494,0.51062,0.28357
2018.03.21 11:09:49,-31.5,-17.7,-31.68,0.88828,0.71589,10.18285,-0.07196,0.00247,0.1533,109.06361,-6.0275,0.5458,1008.00684
2018.03.21 11:09:49,-30.54,-17.28,-31.38,0.11971,0.94574,8.9498,0.05205,0.22421,-0.06967,109.5328,-5.78041,-0.06586,1007.99951
2018.03.21 11:09:49,-29.4,-18.36,-31.62,0.15802,1.05588,8.81333,-0.17886,0.18389,0.08366,110.15538,-5.3654,-0.79814,-0.17886
2018.03.21 11:09:49,-30.12,-16.92,-32.82,0.14845,1.48445,9.47654,-0.13732,0.05805,0.04456,110.30614,-4.93519,-0.92538,1007.99756
2018.03.21 11:09:49,-29.52,-17.4,-33,0.08619,1.68078,10.58748,-0.0347,0.02262,0.17101,109.88693,-6.80898,-0.21533,1007.99854
2018.03.21 11:09:49,-29.22,-16.26,-32.34,-0.31365,0.80448,12.30897,-0.12449,-0.0183,0.18018,109.12816,-7.30396,0.11167,-0.12449
2018.03.21 11:09:49,-29.04,-16.2,-32.58,0.16999,0.15802,9.41908,0.05083,0.05561,0.1985,108.40614,-6.78359,-0.18747,0.05083
2018.03.21 11:09:49,-28.68,-15.72,-33.3,-0.75899,0.71828,8.93304,0.15773,0.02873,0.22233,108.66785,-3.43671,-1.71289,0.15773
2018.03.21 11:09:50,-29.16,-15.72,-32.82,-0.65364,0.92898,9.12698,0.02517,0.06966,0.10321,108.48401,-4.03692,-2.3152,0.02517
2018.03.21 11:09:50,-28.38,-15.96,-33.06,-0.41182,1.48206,9.45499,-0.09089,0.21932,0.0861,108.57941,-4.72326,-3.32844,-0.09089
2018.03.21 11:09:50,-28.44,-15.96,-32.28,0.02634,1.31206,10.1206,0.10336,-0.01708,0.1423,108.43122,-6.47144,-2.91703,1007.98999
2018.03.21 11:09:50,-28.86,-17.16,-32.82,-0.57223,0.03831,12.2108,-0.43359,0.05683,-0.15885,109.50163,-5.1681,-2.20454,1007.99072
2018.03.21 11:09:50,-29.52,-16.14,-32.58,0.33999,-0.42379,9.35443,0.32266,-0.0012,-0.09227,110.02189,-5.02045,-1.46586,0.32266
2018.03.21 11:09:50,-28.92,-17.16,-32.58,-0.22267,0.27295,9.18204,-0.02553,-0.03541,0.02807,111.20833,-4.74637,-1.69298,-0.02553
2018.03.21 11:09:50,-28.98,-18.06,-32.16,0.1269,1.0056,8.60981,0.10703,0.03545,0.05189,111.55657,-4.58017,-1.71404,1007.99707
2018.03.21 11:09:50,-28.56,-17.94,-32.64,-0.35196,0.8787,8.96416,0.05449,0.04339,-0.01652,112.03931,-5.09916,-1.67733,0.05449
2018.03.21 11:09:50,-28.62,-18.36,-33.48,0,2.02316,9.79737,0.03494,0.04828,0.07205,111.73713,-6.26064,-0.92288,0.03494
2018.03.21 11:09:51,-29.1,-19.56,-31.74,-0.23943,1.72867,9.74709,0.07037,0.02568,0.15574,111.87878,-8.09657,-0.55002,0.07037
2018.03.21 11:09:51,-29.82,-19.32,-31.74,-0.1652,0.05267,12.44305,-0.243,-0.02197,0.05434,111.88882,-7.2452,-0.63403,-0.243
2018.03.21 11:09:51,-29.76,-20.04,-32.1,-0.00479,0.31604,8.3632,0.297,-0.17835,0.19545,111.70699,-7.79893,-0.08127,0.297
2018.03.21 11:09:51,-30.24,-19.8,-31.26,-0.42379,0.47646,9.54119,-0.08418,-0.08306,0.03051,112.63226,-4.52353,-1.59166,-0.08418
2018.03.21 11:09:51,-29.46,-20.58,-31.68,0.17718,1.45332,8.99529,-0.01393,-0.0238,0.04395,112.59276,-4.43388,-1.47288,-0.01393
2018.03.21 11:09:51,-30,-20.52,-31.44,-0.45012,1.53473,8.9067,-0.04019,0.05744,-0.11915,113.69582,-5.48809,-1.34198,-0.04019
2018.03.21 11:09:51,-29.76,-21,-32.04,-0.59378,1.70472,10.34327,-0.10372,0.0886,-0.04096,114.73141,-7.28681,-2.48199,1007.9917
2018.03.21 11:09:51,-29.16,-21.24,-31.38,-0.02155,1.35995,10.60424,0.06304,-0.10993,0.0299,115.07931,-8.02975,-2.06102,1008.00586
2018.03.21 11:09:51,-29.16,-21,-32.22,0.18675,0.13887,10.80776,-0.20268,0.01346,-0.01835,115.59824,-6.31447,-1.58398,1007.99805
2018.03.21 11:09:51,-29.04,-21.24,-31.56,-0.54829,-0.4621,9.15331,-0.03042,0.13563,-0.29996,116.96446,-6.05079,-1.66376,-0.03042
2018.03.21 11:09:52,-28.86,-21.42,-30.84,0.08141,0.72307,9.43823,0.19194,0.08493,-0.13992,118.05123,-4.84393,-1.22184,0.19194
2018.03.21 11:09:52,-28.44,-22.38,-30.66,-0.05267,0.74701,8.9067,0.08198,0.05928,-0.1729,119.27235,-5.2883,-1.38913,1008.00684
2018.03.21 11:09:52,-27.66,-22.44,-30.24,-0.44534,1.39826,9.49809,-0.03592,-0.0293,-0.1167,120.33714,-5.72227,-0.62361,-0.03592
2018.03.21 11:09:52,-28.8,-22.44,-29.4,-0.08141,1.6736,10.372,0.02822,0.01407,0.0018,120.59357,-7.0756,-0.54091,0.02822
2018.03.21 11:09:52,-26.82,-22.5,-29.7,0.36393,1.64966,11.44942,-0.14465,0.055,0.05923,119.98022,-8.55182,0.14132,-0.14465
2018.03.21 11:09:52,-27.54,-22.98,-30.12,-0.68955,0.05507,9.704,0.04838,-0.03419,0.02257,120.76692,-7.20715,0.07058,0.04838
2018.03.21 11:09:52,-27.78,-23.22,-29.1,-0.6273,0.31126,9.28739,-0.01759,-0.01953,0.01585,121.08183,-4.20053,-1.03634,-0.01759
2018.03.21 11:09:52,-27.72,-21.84,-29.58,-0.2921,0.74701,9.15092,0.03739,0.04095,0.12459,121.02544,-3.69567,-1.81638,0.03739
2018.03.21 11:09:52,-27.96,-21.72,-29.28,-0.05986,1.38389,8.95938,-0.0011,0.03973,-0.02507,120.91695,-4.91325,-1.64661,1007.99951
2018.03.21 11:09:53,-27.42,-22.32,-29.76,-0.53871,1.70233,9.27781,0.00807,0.00491,-0.05256,121.7091,-6.06113,-1.65415,1007.9939
2018.03.21 11:09:53,-27.42,-22.44,-29.04,-0.2945,1.66402,10.8317,0.05327,-0.09405,-0.02691,122.05859,-7.47306,-1.63894,0.05327
2018.03.21 11:09:53,-29.28,-21.78,-28.8,0.48604,0.90743,12.02165,-0.0689,-0.0855,-0.03363,122.20503,-7.71403,-1.16757,1007.99487
2018.03.21 11:09:53,-28.92,-21.96,-28.56,0.65843,-0.28492,9.57949,0.14368,-0.08489,-0.03485,122.67643,-7.14536,-0.51529,1007.99731
2018.03.21 11:09:53,-27.84,-21.54,-28.56,0.19394,0.68237,9.02881,-0.01515,-0.00181,0.06228,123.36481,-3.80082,-0.39948,-0.01515
2018.03.21 11:09:53,-28.56,-21.18,-28.2,-0.14845,0.96968,9.10543,-0.04019,0.06355,-0.0324,123.49606,-3.81569,-0.52291,-0.04019
2018.03.21 11:09:53,-28.38,-21.6,-29.16,0.31126,1.16601,9.17007,-0.05852,-0.0183,0.04273,123.45843,-4.53386,-0.66208,-0.05852
2018.03.21 11:09:53,-28.68,-21.6,-29.1,0.05507,1.77895,10.04877,-0.04875,0.00491,0.02013,123.16924,-5.46617,-0.30986,-0.04875
2018.03.21 11:09:53,-28.74,-21.42,-28.74,-0.01437,1.83162,10.75029,0.11252,-0.0012,0.13436,122.17322,-7.3506,0.01948,0.11252
2018.03.21 11:09:54,-29.04,-20.34,-28.62,0.0407,0.33759,12.23474,-0.25583,-0.08489,-0.02507,121.44672,-7.21371,0.43696,-0.25583
2018.03.21 11:09:54,-29.88,-20.04,-29.28,-0.09098,0.5028,8.68643,0.21087,0.0043,0.04273,120.653,-7.19129,0.41075,0.21087
2018.03.21 11:09:54,-29.34,-19.68,-29.16,-0.64167,0.33759,9.13176,-0.01698,0.03301,0.04884,120.70469,-5.55838,-0.98033,-0.01698
2018.03.21 11:09:54,-30,-19.92,-28.74,-0.05986,1.4653,9.00966,-0.00598,-0.00975,0.11298,120.10751,-4.89,-1.85527,-0.00598
2018.03.21 11:09:54,-30.24,-18.42,-29.64,-0.48364,1.44135,8.77981,-0.0518,0.12525,-0.07517,120.10019,-5.61198,-2.24768,1007.99463
2018.03.21 11:09:54,-28.86,-18.18,-30.6,-0.42858,1.79571,10.01525,-0.01942,0.00918,-0.01347,119.94984,-6.6782,-2.89555,1008.00073
2018.03.21 11:09:54,-29.58,-18.54,-29.76,-0.06225,2.63131,9.88836,0.0551,-0.25104,0.00791,119.36309,-8.30251,-2.09312,0.0551
2018.03.21 11:09:54,-31.08,-17.82,-29.22,-0.03831,0.63448,10.08469,-0.2204,-0.13987,-0.10632,119.22579,-8.99324,-0.62257,1007.99683
2018.03.21 11:09:54,-29.52,-19.32,-29.82,-0.38548,-0.82602,8.82051,0.11436,0.13258,-0.26087,119.66082,-8.60919,-0.81614,1008.00073
2018.03.21 11:09:55,-29.46,-18.78,-30.18,0.21548,1.03672,10.03441,-0.10128,0.01957,-0.0153,119.62847,-6.31697,-1.02669,-0.10128
2018.03.21 11:09:55,-28.62,-18.84,-31.08,0.31126,1.01278,8.71037,0.0551,0.02995,-0.04157,119.74866,-6.18169,-1.05076,0.0551
2018.03.21 11:09:55,-28.98,-17.88,-30.36,-0.20591,1.58262,9.10543,-0.01881,0.01835,-0.01713,119.63193,-6.28862,-0.79937,1008.00122
2018.03.21 11:09:55,-28.86,-18,-30.6,0.01437,2.03274,9.89314,0.01234,0.01896,-3e-05,119.20407,-7.55886,-0.39222,0.01234
2018.03.21 11:09:55,-28.32,-17.16,-31.38,-0.02394,1.71909,9.96018,0.00868,0.03179,0.15696,118.29115,-8.63316,-0.18081,0.00868
2018.03.21 11:09:55,-28.8,-16.74,-31.62,-0.23464,0.30168,11.5404,0.03555,0.02446,0.03968,117.47371,-7.97833,-0.21362,0.03555
2018.03.21 11:09:55,-28.26,-16.8,-30.96,-0.62491,0.08859,8.21955,0.2628,-0.09772,0.05923,117.01636,-7.09231,-0.27047,0.2628
2018.03.21 11:09:55,-28.2,-17.04,-31.56,-0.64645,0.5028,9.34964,-0.08662,-0.01464,0.03601,116.98232,-4.50665,-1.71318,-0.08662
2018.03.21 11:09:55,-28.44,-16.14,-31.74,-0.43815,1.43178,8.90191,-0.02675,0.00247,0.03601,116.38827,-4.65327,-2.11949,-0.02675
2018.03.21 11:09:55,-27.9,-16.08,-32.34,-0.2083,1.72627,9.23472,-0.13427,0.05378,0.08244,116.08273,-5.50599,-2.52049,-0.13427
2018.03.21 11:09:56,-27.6,-15.3,-32.82,0.05267,1.90105,9.8692,-0.08418,-0.03419,0.02929,115.42381,-6.86156,-2.62806,-0.08418
2018.03.21 11:09:56,-28.68,-15,-33.24,0.2107,1.46051,10.64495,-0.01637,-0.09344,-0.077,115.09711,-7.6866,-1.63495,1007.99097
2018.03.21 11:09:56,-28.68,-14.7,-32.46,0.08619,0.19633,10.57072,-0.27232,-0.08733,-0.08799,115.35706,-6.16135,-0.64985,1007.99365
2018.03.21 11:09:56,-27.54,-14.88,-33.06,-0.23464,-0.18436,9.92188,0.03433,0.09654,-0.15946,115.8219,-5.06283,-0.83487,1007.99634
2018.03.21 11:09:56,-27.18,-14.94,-32.88,0.33041,0.86194,8.70319,0.11008,0.04767,-0.04096,115.58856,-4.19516,-0.69742,0.11008
2018.03.21 11:09:56,-26.94,-15.48,-33.54,-0.03831,1.11334,9.13416,0.09481,0.04523,-0.01102,116.19026,-4.41545,-0.91347,0.09481
2018.03.21 11:09:56,-26.76,-15.78,-33.24,0.10535,1.6305,9.12937,0.13207,0.02751,0.04212,115.94067,-5.51659,-0.95739,1007.99316
2018.03.21 11:09:56,-27.24,-16.26,-33,0.0407,1.51558,10.36482,0.15406,0.01102,0.07083,115.07351,-7.82294,-0.72043,0.15406
2018.03.21 11:09:56,-27.6,-15.9,-32.88,0.17718,1.08221,11.23873,-0.1868,0.02812,0.07633,113.9726,-8.14778,-0.54168,-0.1868
2018.03.21 11:09:57,-27.42,-15.84,-32.46,0.3352,0.60336,9.32091,0.24019,0.02385,0.14352,113.44344,-8.03952,-0.62965,0.24019
2018.03.21 11:09:57,-27.42,-16.2,-32.4,-1.07024,0.29689,8.69601,0.06182,-0.01403,0.12153,113.39754,-5.60266,-1.44288,0.06182
2018.03.21 11:09:57,-26.76,-15.66,-33.3,-0.32083,1.1708,8.59305,0.03372,0.03179,0.12947,112.91968,-4.5904,-2.61731,0.03372
2018.03.21 11:09:57,-27.84,-15.6,-33.06,-0.38308,1.28094,9.02402,-0.04141,0.03606,0.03662,112.32792,-5.11744,-2.62879,-0.04141
2018.03.21 11:09:57,-27.06,-16.08,-32.34,-0.28731,2.03513,9.92427,-0.06218,0.01041,-0.00919,112.21381,-6.32561,-2.42901,-0.06218
2018.03.21 11:09:57,-27.72,-15.18,-32.94,-0.54829,2.04232,10.83409,0.08137,-0.12582,0.02318,112.32544,-7.66478,-1.8534,1007.99585
2018.03.21 11:09:57,-29.46,-14.76,-32.4,-0.02155,0.51716,10.51565,-0.14465,-0.09588,-0.10937,112.4306,-7.62775,-1.3103,1007.99121
2018.03.21 11:09:57,-29.28,-15.66,-32.04,0.1245,-0.52435,9.12698,0.14246,0.07882,-0.22299,113.04264,-5.86606,-0.51482,1007.9895
2018.03.21 11:09:57,-28.26,-16.86,-33.06,0.39984,1.12531,9.54597,-0.03592,-0.07389,-0.07883,114.23278,-3.416,-0.27896,1007.99219
2018.03.21 11:09:58,-29.4,-17.82,-31.62,-0.17239,0.90025,8.71037,-0.00721,0.04706,-0.14541,115.57268,-3.96433,-0.61445,-0.00721
2018.03.21 11:09:58,-28.26,-18.18,-32.34,0.00958,1.72867,9.49809,-0.08967,-0.04518,-0.01835,116.13233,-5.0168,-0.58224,-0.08967
2018.03.21 11:09:58,-28.92,-17.7,-32.76,-0.14605,2.23146,10.00328,0.02883,0.02629,0.02502,116.06905,-7.27939,-0.37389,1007.9895
2018.03.21 11:09:58,-29.46,-18.12,-32.94,0.24182,1.85556,10.86761,0.09114,0.01346,0.16735,115.12521,-9.38772,-0.15333,0.09114
2018.03.21 11:09:58,-28.74,-18.18,-32.28,-0.60575,-0.02634,10.87719,0.00807,-0.02625,0.04151,115.16496,-8.30159,-0.41209,0.00807
2018.03.21 11:09:58,-29.76,-18.48,-31.56,-0.838,-0.06704,9.72554,-0.06157,-0.06717,-0.01897,115.0293,-5.22941,-0.64881,-0.06157
2018.03.21 11:09:58,-30.12,-17.22,-32.16,-0.58899,0.85476,9.05275,0.0215,-0.04824,0.12459,114.74565,-3.7352,-1.69895,0.0215
2018.03.21 11:09:58,-29.04,-18.78,-33.24,-0.21309,1.37671,8.24588,0.06121,0.04523,0.11298,114.37204,-4.64964,-2.24229,0.06121
2018.03.21 11:09:58,-30.48,-16.92,-32.22,-0.31604,1.88908,9.18923,-0.0854,0.05072,0.08977,114.33167,-5.3198,-2.75672,-0.0854
2018.03.21 11:09:58,-30.54,-17.16,-32.22,-0.10774,1.77416,9.77822,0.04472,-0.07939,-0.15152,114.32275,-7.31118,-2.05669,0.04472
2018.03.21 11:09:59,-31.02,-18.12,-32.28,-0.11732,0.38787,11.78462,-0.03042,-0.1698,-0.09838,114.76102,-7.17193,-1.21603,-0.03042
2018.03.21 11:09:59,-31.02,-16.5,-31.92,0.59617,0.55068,10.91071,0.09114,-0.10932,0.01463,114.53929,-6.47822,-0.64471,0.09114
2018.03.21 11:09:59,-30.72,-18,-31.98,-0.19154,0.28971,9.76385,-0.06463,0.07516,-0.09288,115.45032,-6.00666,-0.99249,1007.99683
2018.03.21 11:09:59,-30.24,-17.52,-32.94,0.00239,1.0894,8.7822,0.04472,0.07271,-0.0379,115.34677,-5.1181,-1.09281,1007.99243
2018.03.21 11:09:59,-29.94,-18.96,-33.42,0.11971,1.43417,8.88994,0.06365,0.09165,-0.02874,115.49538,-5.6422,-1.24878,1007.99463
2018.03.21 11:09:59,-30.72,-18.12,-32.64,0.36154,1.92021,9.2443,0.08076,-0.00242,0.07938,115.08279,-7.13084,-0.54439,1007.98877
2018.03.21 11:09:59,-29.88,-17.34,-32.76,-0.03352,1.86993,10.34806,0.08931,-0.00548,0.02013,114.17011,-8.72521,0.22302,1007.98853
2018.03.21 11:09:59,-29.52,-18.24,-31.92,-0.0407,0.81166,12.82613,-0.23384,0.03118,-0.12098,114.09998,-8.12544,0.25875,-0.23384
2018.03.21 11:09:59,-28.32,-18.12,-33.84,-0.17718,0.56984,9.88117,-0.01393,-0.01586,0.05251,114.07214,-7.925,0.30832,1007.98584
2018.03.21 11:10:00,-28.68,-17.58,-33,-0.59139,0.63209,8.92346,0.05083,-0.02197,0.03357,114.33215,-5.58642,-1.19559,1007.98291
2018.03.21 11:10:00,-28.8,-17.94,-32.7,-0.43576,1.06785,8.04716,0.10458,0.0098,0.08061,113.98572,-5.75293,-1.9731,0.10458
2018.03.21 11:10:00,-28.44,-17.28,-32.7,-0.40224,1.5036,9.2826,-0.15809,0.02995,0.01952,114.10883,-5.44904,-2.36965,-0.15809
2018.03.21 11:10:00,-27.66,-16.74,-33.3,0.11253,2.13809,10.25229,0.06488,-0.0238,0.03601,113.73834,-7.48418,-2.38494,0.06488
2018.03.21 11:10:00,-28.32,-17.16,-31.98,-0.15084,1.5467,11.42309,-0.02431,0.12647,-0.06295,113.77612,-9.16462,-1.92005,-0.02431
2018.03.21 11:10:00,-27.3,-17.22,-32.76,-0.40224,0.23224,11.27703,-0.06951,-0.17285,-0.12892,114.60815,-8.10047,-1.60963,-0.06951
2018.03.21 11:10:00,-26.76,-17.82,-33.48,-0.67997,0.1269,9.37119,-0.05424,0.00613,-0.18695,115.52073,-7.0025,-1.41101,-0.05424
2018.03.21 11:10:00,-26.76,-17.1,-33.48,-0.02155,1.26418,8.58108,0.09664,0.0776,-0.02752,115.64178,-5.21082,-1.61589,0.09664
2018.03.21 11:10:00,-26.76,-18.18,-33.78,-0.05746,1.04151,8.98332,0.05449,0.05744,-0.08677,116.22843,-5.60104,-1.83996,0.05449
2018.03.21 11:10:00,-26.22,-18.48,-32.52,0.26098,2.25301,9.39513,0.00379,0.01407,0.12581,116.12159,-6.26878,-1.80956,0.00379
2018.03.21 11:10:01,-25.74,-17.82,-33.36,-0.13887,1.35037,10.72396,0.07954,-0.02014,0.03357,115.83319,-8.82457,-1.1613,0.07954
2018.03.21 11:10:01,-26.34,-18.36,-33.36,0.10056,0.47885,11.94504,-0.31325,0.01529,-0.04584,114.97974,-8.88746,-0.72494,1007.99585
2018.03.21 11:10:01,-26.28,-18,-33.06,-0.40463,0.26098,9.12458,-0.02492,0.04278,0.04579,115.13411,-8.33516,-0.84301,-0.02492
2018.03.21 11:10:01,-25.68,-17.88,-34.08,-0.70152,0.59857,9.35204,-0.12022,-0.05435,0.01646,115.28988,-6.19141,-1.50863,1007.99072
2018.03.21 11:10:01,-26.04,-17.4,-34.02,-0.18436,1.13249,8.46137,0.03067,0.00185,0.1307,114.92928,-5.41534,-2.41431,1007.99194
2018.03.21 11:10:01,-24.96,-17.94,-33.42,-0.52435,1.50839,9.12698,-0.01332,0.01285,-0.0208,115.2033,-5.78688,-2.46088,-0.01332
2018.03.21 11:10:01,-26.88,-17.82,-33,-0.44534,1.98725,10.44383,0.04166,-0.04213,-0.00736,115.43461,-7.46258,-2.60456,0.04166
2018.03.21 11:10:01,-26.22,-18.24,-33.18,-0.34717,1.7143,10.41988,0.00868,-0.2596,-0.03302,115.51785,-8.80183,-2.1008,0.00868
2018.03.21 11:10:01,-26.7,-17.82,-32.58,-0.13887,0.50759,11.06394,0.00012,-0.07389,-0.02202,115.71633,-8.55597,-1.202,0.00012
2018.03.21 11:10:02,-27.48,-19.5,-32.52,-0.26576,-0.03591,9.17726,0.05816,0.12647,-0.16191,116.48746,-5.45005,-0.6663,0.05816
2018.03.21 11:10:02,-27.78,-19.14,-32.1,0.26337,1.28094,8.82051,-0.00232,0.05072,-0.06173,117.14306,-3.92275,-0.479,-0.00232
2018.03.21 11:10:02,-27.24,-19.38,-31.98,-0.13647,1.22347,8.83727,-0.04141,0.05195,-0.0605,118.0228,-4.65113,-0.37419,-0.04141
2018.03.21 11:10:02,-27.48,-19.26,-32.22,-0.21788,2.08062,9.73033,-0.06096,0.02873,0.058,118.16463,-5.80075,-0.59718,-0.06096
2018.03.21 11:10:02,-27,-19.5,-32.34,0.09577,1.81965,10.30017,0.15284,0.03606,0.12459,117.61202,-8.69452,-0.68409,0.15284
2018.03.21 11:10:02,-27.66,-19.2,-31.68,0.39984,1.40065,11.69843,-0.04875,0.08371,0.14169,116.56892,-9.65401,-0.56707,1008
2018.03.21 11:10:02,-26.76,-18.72,-32.58,-0.12929,0.48364,9.02163,0.18766,-0.09222,0.07755,116.63637,-8.40016,-0.57402,1007.99927
2018.03.21 11:10:02,-27,-18,-32.46,-0.82124,0.52435,8.94022,-0.06402,0.04462,-0.01225,117.20428,-5.56049,-1.44303,-0.06402
2018.03.21 11:10:02,-26.04,-18.36,-32.16,-0.06704,1.19714,8.38236,-0.0347,0.00552,0.07633,117.1759,-4.50826,-2.66411,1008.00049
2018.03.21 11:10:03,-26.46,-18.06,-32.82,-0.54589,1.32643,9.0743,-0.1361,-0.02197,-0.06478,117.36623,-4.76849,-2.43603,1007.99585
2018.03.21 11:10:03,-26.7,-17.52,-31.62,-0.35914,1.93218,10.04398,-0.04936,0.00247,0.00486,117.74841,-6.24146,-2.90629,-0.04936
2018.03.21 11:10:03,-26.82,-17.4,-32.28,-0.23224,1.98725,11.03282,0.12902,-0.07756,-0.04462,117.7606,-7.73067,-2.54702,0.12902
2018.03.21 11:10:03,-26.64,-18.42,-31.74,-0.13647,0.17718,12.20601,0.05083,-0.14353,-0.06661,118.51856,-7.3521,-2.18035,0.05083
2018.03.21 11:10:03,-26.64,-17.94,-31.14,0.04549,-0.46688,9.02881,0.1675,0.00491,-0.07028,118.64118,-5.40456,-1.42988,0.1675
2018.03.21 11:10:03,-25.86,-18.06,-31.5,-0.1652,0.72786,9.11261,-0.04019,0.02385,-0.10388,119.00474,-3.83205,-0.74519,-0.04019
2018.03.21 11:10:03,-26.04,-17.04,-31.8,-0.24661,1.34319,8.44461,0.02761,0.03362,0.00791,119.52873,-4.25355,-1.0737,0.02761
2018.03.21 11:10:03,-26.16,-18.36,-31.2,-0.17239,1.41023,9.18444,-0.0292,0.06661,0.03296,119.4365,-5.42901,-1.29204,-0.0292
2018.03.21 11:10:03,-24.84,-17.52,-31.86,0.2945,1.62332,10.9155,-0.01759,0.00308,0.08794,118.85988,-6.73256,-1.03839,-0.01759
2018.03.21 11:10:03,-26.16,-17.28,-31.14,0.249,1.96091,10.89156,-0.03286,0.03118,0.12031,117.87582,-8.16069,-0.36407,-0.03286
2018.03.21 11:10:04,-24.9,-17.28,-30.84,-0.49083,-0.07901,9.58428,0.14551,-0.07878,0.03051,117.78366,-7.46936,-0.37411,0.14551
2018.03.21 11:10:04,-24.66,-17.58,-30.9,-0.8787,0.2945,9.30176,-0.00293,-0.01525,0.13436,118.00378,-4.5403,-2.03492,1007.98828
2018.03.21 11:10:04,-25.08,-17.16,-31.56,-0.77335,0.96729,8.62897,0.05388,0.01835,0.11787,117.54726,-4.09391,-2.93892,1007.98633
2018.03.21 11:10:04,-24.48,-17.04,-31.26,-0.27774,1.13728,9.2419,-0.03042,0.0043,0.06472,117.24921,-4.52916,-3.07229,1007.98438
2018.03.21 11:10:04,-24.18,-16.26,-31.86,-0.35196,2.0064,9.46696,-0.05852,0.03667,-0.00919,117.39729,-5.49165,-3.03454,1007.98755
2018.03.21 11:10:04,-25.26,-16.68,-31.32,-0.77575,1.8819,10.621,0.02945,-0.03235,-0.06417,116.66179,-7.05393,-2.92315,0.02945
2018.03.21 11:10:04,-24.9,-16.74,-31.14,-0.32323,2.15964,10.38397,0.05999,-0.16064,0.02196,116.55921,-8.55499,-2.59298,1007.9856
2018.03.21 11:10:04,-25.32,-16.8,-30.84,0.85476,-0.10056,9.7423,0.09236,-0.06534,0.04579,116.22007,-8.2068,-1.45275,1007.98462
2018.03.21 11:10:04,-25.2,-17.22,-31.02,0.26098,0.67279,9.63696,-0.08967,0.0098,0.01158,116.94482,-3.95585,-0.72255,-0.08967
2018.03.21 11:10:05,-25.02,-16.98,-30.66,-0.01676,0.99362,9.0312,0.02089,0.06294,-0.09838,117.31953,-3.68265,-0.43034,0.02089
2018.03.21 11:10:05,-24.84,-18,-31.5,-0.10056,1.14686,8.94501,0.03617,0.06233,-0.06906,118.05965,-4.58745,-0.60913,1007.99121
2018.03.21 11:10:05,-25.14,-17.28,-31.08,-0.06943,2.08781,9.78301,-0.03103,0.01652,0.03174,118.16704,-6.29549,-0.46523,-0.03103
2018.03.21 11:10:05,-25.44,-17.88,-30.96,0.24182,1.95373,9.72794,0.14918,0.03118,0.14719,117.68438,-8.16651,-0.52841,0.14918
2018.03.21 11:10:05,-25.14,-17.22,-30.18,-0.11014,0.16281,11.26027,-0.14771,0.00124,-0.06783,117.15868,-8.72872,0.03551,-0.14771
2018.03.21 11:10:05,-25.44,-17.7,-31.14,-0.44534,-0.01197,9.44541,-0.01759,0.02568,-0.08311,117.30422,-6.76301,-0.0119,-0.01759
2018.03.21 11:10:05,-25.14,-18,-31.5,-0.48364,0.79969,8.59066,-0.06951,0.04706,-0.02935,117.89061,-3.47901,-2.00779,-0.06951
2018.03.21 11:10:05,-25.32,-17.52,-31.38,-0.30168,1.07742,8.26743,0.04899,0.03667,0.12214,117.60992,-3.61797,-2.73781,0.04899
2018.03.21 11:10:05,-25.02,-17.7,-31.26,-0.41421,1.47248,9.14374,-0.13671,0.00674,0.0238,117.51294,-3.99287,-2.73893,1007.99731
2018.03.21 11:10:06,-25.26,-16.68,-31.38,-0.21548,2.04711,10.13018,-0.00293,-0.01953,0.01891,117.31248,-6.62975,-2.5064,1007.9978
2018.03.21 11:10:06,-24.9,-17.58,-31.5,-0.39745,1.77176,9.72315,0.05083,-0.11421,-0.04279,117.48378,-8.54529,-2.19817,0.05083
2018.03.21 11:10:06,-26.1,-17.76,-31.32,-0.06943,0.75659,11.33929,-0.20452,-0.14231,-0.08372,117.59052,-7.75681,-1.47605,1007.99902
2018.03.21 11:10:06,-25.56,-17.64,-32.22,-0.0407,-0.86194,9.2419,0.13146,0.15457,-0.16008,118.24417,-6.22462,-1.62563,1007.99463
2018.03.21 11:10:06,-25.2,-17.4,-31.32,0.19872,0.83081,9.3664,-0.0463,0.01957,-0.02324,118.69809,-2.64195,-0.9081,-0.0463
2018.03.21 11:10:06,-25.32,-17.4,-32.16,-0.31604,0.69434,8.94022,-0.00537,0.02934,-0.12831,119.88805,-2.78613,-1.12814,-0.00537
2018.03.21 11:10:06,-25.56,-17.46,-32.22,-0.72307,1.12291,9.49809,0.03739,-0.03907,0.0409,120.33932,-3.68744,-1.4865,0.03739
2018.03.21 11:10:06,-25.26,-17.16,-32.28,-0.13647,2.01598,9.92666,0.0887,0.01224,0.11665,119.73546,-5.98937,-1.86256,0.0887
2018.03.21 11:10:06,-25.5,-17.82,-30.48,0.10535,2.22907,9.77822,0.1058,0.01957,0.13986,118.53131,-8.07557,-1.67305,0.1058
2018.03.21 11:10:06,-26.16,-16.08,-31.32,-0.17718,0.1245,11.89236,-0.08234,0.02934,0.06839,117.66402,-7.55239,-1.17236,-0.08234
2018.03.21 11:10:07,-25.74,-16.14,-31.44,-1.18517,-0.29689,10.15651,-0.10372,-0.06473,-0.06295,117.21403,-5.85536,-1.1969,-0.10372
2018.03.21 11:10:07,-27.42,-14.94,-31.08,-0.85476,0.4621,9.46936,-0.06768,-0.04152,0.13375,116.67641,-3.34178,-2.55932,-0.06768
2018.03.21 11:10:07,-26.58,-14.58,-31.5,-0.26098,1.06545,8.64812,0.01967,0.05011,0.08855,115.52595,-3.59762,-2.91898,0.01967
2018.03.21 11:10:07,-25.68,-13.44,-32.58,-0.35196,1.53952,9.05754,-0.09456,0.10509,-0.0043,115.18687,-4.0648,-3.08453,1008.00928
2018.03.21 11:10:07,-26.46,-13.26,-32.46,-0.31365,1.40783,10.34806,-0.04569,0.06294,-0.06845,114.89422,-5.438,-3.00753,1008.00293
2018.03.21 11:10:07,-26.34,-12.3,-33.12,-0.1676,1.97288,9.90033,0.06549,-0.03846,-0.07028,114.77438,-6.34255,-2.6156,1008.00684
2018.03.21 11:10:07,-27.36,-12.36,-32.16,-0.05986,-0.1269,10.68565,-0.15259,-0.19118,-0.1387,114.92419,-6.29943,-1.30206,1008.00146
2018.03.21 11:10:07,-27.12,-12.54,-31.5,-0.64885,-0.49322,10.06074,-0.0347,0.10204,-0.24865,115.46867,-5.3245,-1.68686,1008.00171
2018.03.21 11:10:07,-25.74,-12.6,-32.7,0.00958,0.70631,8.68882,0.12657,0.06294,-0.01713,114.9465,-4.07263,-1.69543,0.12657
2018.03.21 11:10:08,-26.82,-11.88,-32.46,-0.25379,0.84518,8.57869,0.00929,0.07699,-0.06661,114.79408,-4.23211,-1.90912,0.00929
2018.03.21 11:10:08,-25.92,-11.34,-32.64,-0.01915,1.82204,9.76385,0.01723,0.03179,0.08916,114.12085,-4.47051,-1.96278,0.01723
2018.03.21 11:10:08,-26.64,-10.98,-31.56,-0.22506,1.59219,10.0799,0.06121,0.0324,0.00852,113.04258,-6.71946,-1.47646,0.06121
2018.03.21 11:10:08,-26.94,-10.98,-31.92,-0.2107,1.13728,10.98972,-0.00232,-0.03235,0.05739,111.63459,-7.60069,-1.29356,-0.00232
2018.03.21 11:10:08,-26.76,-10.98,-32.58,-0.38548,0.19872,8.72713,0.19255,-0.07511,0.07389,110.85379,-6.72817,-1.29286,0.19255
2018.03.21 11:10:08,-27.18,-10.86,-33.06,-1.01757,-0.18675,9.41189,-0.08784,-0.02808,0.02624,110.48888,-3.93118,-2.34639,-0.08784
2018.03.21 11:10:08,-27.6,-9.72,-33.96,-0.52913,1.07024,8.98092,0.01967,0.01652,0.19667,109.33305,-2.74828,-3.36179,0.01967
2018.03.21 11:10:08,-26.88,-9.36,-33.24,-0.19633,1.09179,9.115,-0.02431,0.0269,0.04823,108.40227,-3.71593,-3.06597,-0.02431
2018.03.21 11:10:08,-26.64,-8.82,-32.7,-0.89785,1.6305,9.7016,-0.14832,0.14724,-0.14664,108.29581,-5.33458,-2.93868,1007.98584
2018.03.21 11:10:09,-27.66,-8.46,-33.72,-0.70631,1.60177,11.24112,0.02212,-0.15331,0.0299,107.54639,-6.66473,-2.94625,1007.99048
2018.03.21 11:10:09,-27.78,-9,-32.04,-0.09577,1.07742,11.93546,-0.02614,-0.08672,0.00852,106.40306,-7.37377,-2.11387,-0.02614
2018.03.21 11:10:09,-28.68,-9.72,-32.28,0.39506,-0.64167,8.79417,0.05693,-0.04885,-0.05562,105.87871,-6.15135,-1.22314,1007.9873
2018.03.21 11:10:09,-28.2,-9.06,-32.34,0.29689,0.40463,10.06314,-0.05608,0.02018,-0.02324,106.15936,-2.64534,-0.76093,1007.99365
2018.03.21 11:10:09,-27.36,-9.48,-33,-0.18196,0.7518,8.49489,0.00929,0.10509,-0.12098,106.47746,-2.75818,-0.85626,0.00929
2018.03.21 11:10:09,-27.24,-9.48,-34.5,-0.59857,1.20432,9.17247,-0.06341,0.04034,-0.05562,106.92935,-3.28611,-1.3724,-0.06341
2018.03.21 11:10:09,-27.42,-9.72,-33.9,-0.06465,2.03992,9.63696,0.08381,-0.00181,0.06045,106.59077,-4.91755,-1.75801,0.08381
2018.03.21 11:10:09,-27.72,-10.38,-33.18,-0.21309,1.39586,10.31454,0.18216,-0.11421,0.07755,105.72194,-7.22294,-1.22187,0.18216
2018.03.21 11:10:09,-27.72,-9.66,-33.78,-0.47167,0.02634,10.88916,-0.1135,-0.03113,-0.07333,105.09879,-6.67099,-0.79244,-0.1135
2018.03.21 11:10:09,-27.72,-10.38,-32.76,-1.18756,0.10056,9.05994,0.02517,-0.00792,-0.06417,104.89458,-5.70985,-0.909,0.02517
2018.03.21 11:10:10,-28.26,-10.5,-33.3,-0.73265,0.73504,9.57231,0.05938,0.01163,0.10871,104.66898,-4.20632,-2.45907,0.05938
2018.03.21 11:10:10,-28.2,-9.48,-33.18,-0.40463,1.32403,8.65291,0.06549,0.04156,0.05556,104.13545,-4.91339,-2.94138,0.06549
2018.03.21 11:10:10,-28.26,-10.08,-33.72,-0.70631,1.68557,9.05275,-0.06646,0.05989,-0.0043,104.09598,-5.67588,-3.32062,-0.06646
2018.03.21 11:10:10,-27.36,-9.54,-33.66,-0.40224,1.26178,10.61143,-0.07929,-0.08916,0.01219,103.82487,-6.57482,-3.4833,-0.07929
2018.03.21 11:10:10,-28.38,-9.24,-33.18,-0.1652,1.65444,10.21158,-0.19841,-0.05435,-0.1332,103.547,-7.19441,-2.64001,-0.19841
2018.03.21 11:10:10,-29.1,-9.48,-32.64,0.60336,-0.57223,10.58988,-0.07379,-0.13803,0.01158,103.41085,-5.87125,-1.62475,1007.98877
2018.03.21 11:10:10,-28.2,-8.82,-32.64,-0.31126,0.36393,9.51964,-0.02003,0.1057,-0.14541,104.13946,-2.44839,-0.74756,1007.99194
2018.03.21 11:10:10,-27.9,-9,-33,0.14605,0.74701,8.53559,0.11436,0.08432,-0.08677,104.46156,-2.70256,-0.56183,1007.98364
2018.03.21 11:10:10,-28.2,-10.38,-33.18,-0.28252,1.18995,8.60263,-0.01087,0.07027,-0.06722,105.31025,-3.2519,-0.86062,-0.01087
2018.03.21 11:10:11,-27.18,-9.48,-33.12,-0.23224,1.73585,9.90512,-0.05241,-0.02014,-0.02324,105.43032,-4.50473,-1.11124,1007.98291
2018.03.21 11:10:11,-26.82,-10.56,-32.94,-0.18196,1.75261,10.2044,0.15101,0.02323,0.05678,104.92947,-7.60421,-1.23947,1007.97632
2018.03.21 11:10:11,-27.06,-9.72,-33.06,-0.54829,1.31206,11.16211,-0.09578,0.00063,0.06472,103.86577,-8.20542,-1.3083,-0.09578
2018.03.21 11:10:11,-26.52,-9.54,-33.9,-0.05507,0.65364,8.16927,0.21087,-0.04763,0.14108,102.86404,-6.81646,-1.4005,0.21087
2018.03.21 11:10:11,-26.94,-9.6,-33.6,-0.68237,0.84757,9.29218,0.01356,0.0043,0.12214,102.62262,-4.48485,-2.1118,0.01356
2018.03.21 11:10:11,-27.36,-10.08,-33.36,-0.08619,1.06545,8.52841,0.0496,-0.01891,0.13803,102.11169,-4.58067,-2.50922,0.0496
2018.03.21 11:10:11,-27.6,-9.54,-32.76,-0.41421,1.53234,9.05994,-0.08906,0.08493,0.05189,101.82618,-5.1083,-2.6133,-0.08906
2018.03.21 11:10:11,-27.12,-8.58,-33.48,-0.28252,1.43417,10.2858,-0.07623,-0.05679,-0.06661,101.85213,-6.68218,-2.49084,-0.07623
2018.03.21 11:10:11,-27.48,-9.48,-34.14,-0.36872,1.72388,11.56674,-0.09578,-0.1979,-0.06906,102.22047,-6.79308,-1.68552,-0.09578
2018.03.21 11:10:11,-27.9,-8.94,-32.82,0.51956,0.19154,9.55795,0.14551,-0.03968,-0.19428,102.53922,-6.5628,-0.9471,1007.99829
2018.03.21 11:10:12,-26.94,-11.28,-33.24,-0.2945,0.13169,9.39992,0.07893,0.14663,-0.33295,104.10667,-6.12257,-1.3666,1008
2018.03.21 11:10:12,-27.54,-12,-33.66,-0.12929,0.9625,8.71277,0.10825,0.05561,-0.10815,104.8641,-5.98999,-1.60021,1008.00171
2018.03.21 11:10:12,-27.06,-12.3,-33.96,-0.35914,0.95053,8.54038,0.05999,0.11792,-0.0886,105.65514,-6.49548,-2.37267,1008.00342
2018.03.21 11:10:12,-26.46,-12.84,-33.6,-0.10056,1.87232,9.41908,-0.01454,0.05256,0.03784,105.85181,-6.62261,-2.52961,-0.01454
2018.03.21 11:10:12,-26.1,-13.14,-33.3,-0.93616,1.44375,11.06873,0.1504,-0.08,0.11787,105.88253,-7.62441,-2.2676,0.1504
2018.03.21 11:10:12,-27.3,-13.26,-33.72,-0.40463,1.30967,11.40633,-0.15015,0.1222,0.11237,105.2334,-7.5377,-2.56446,1007.99707
2018.03.21 11:10:12,-25.98,-14.28,-34.08,-0.5842,0.14126,8.76305,0.19804,-0.00609,0.09466,104.81149,-7.69991,-2.5317,0.19804
2018.03.21 11:10:12,-27.12,-13.86,-34.56,-0.83321,0.76377,8.98571,-0.04569,-0.00731,0.14597,105.02704,-5.35437,-3.07752,-0.04569
2018.03.21 11:10:12,-27,-14.22,-32.94,-0.14605,1.19474,8.47573,-0.03042,-0.04518,0.06656,104.80179,-5.24513,-3.1525,-0.03042
2018.03.21 11:10:13,-26.82,-13.56,-33.96,-0.58899,1.3815,9.82371,-0.13549,0.06783,-0.05317,105.41818,-5.38665,-3.12603,-0.13549
2018.03.21 11:10:13,-26.52,-14.7,-33.72,-0.43815,1.2977,9.87638,0.04472,0.00552,-0.10815,106.44421,-6.10444,-3.36876,0.04472
2018.03.21 11:10:13,-27.36,-15,-33.24,-0.22267,0.5842,13.39357,-0.12388,-0.2315,-0.05134,107.66271,-6.15947,-2.68979,-0.12388
2018.03.21 11:10:13,-28.02,-15.84,-31.92,0.57463,-0.76617,9.49091,0.14673,0.08127,-0.09532,108.479,-5.3795,-2.16686,0.14673
2018.03.21 11:10:13,-26.04,-16.32,-32.34,-0.13647,1.00081,8.81093,-0.0237,0.1564,-0.18023,109.88067,-3.1512,-1.68288,-0.0237
2018.03.21 11:10:13,-27.36,-16.86,-32.76,-0.35914,0.93856,8.77023,0.08687,0.06905,-0.17535,111.8969,-3.60344,-1.84273,0.08687
2018.03.21 11:10:13,-25.62,-18.06,-32.64,-0.29689,1.74303,8.87079,0.09481,-0.01403,0.02807,113.05354,-4.93472,-2.19858,1007.99585
2018.03.21 11:10:13,-25.26,-18.18,-31.5,-0.46928,1.74782,10.26426,0.10886,-0.00425,0.11359,113.53153,-7.19896,-2.52403,1007.99146
2018.03.21 11:10:13,-26.1,-18.18,-31.38,-0.419,1.76219,11.77983,-0.1868,0.02079,0.16735,112.81983,-8.07314,-2.57795,-0.1868
2018.03.21 11:10:14,-25.8,-17.82,-32.1,-0.21309,0.40463,9.68963,0.02883,0.05683,0.16002,112.49606,-8.19907,-2.45872,1007.98682
2018.03.21 11:10:14,-26.28,-18.48,-30.78,-1.59938,-0.19872,9.56752,-0.11655,0.01896,-0.04279,112.85967,-6.5723,-3.13455,1007.98779
2018.03.21 11:10:14,-25.56,-17.1,-30.6,-0.39266,1.2139,8.95459,-0.0628,0.0159,0.15269,112.49757,-4.85609,-3.88626,-0.0628
2018.03.21 11:10:14,-24.48,-16.86,-30.6,-0.33041,1.40305,8.87558,-0.0463,0.01713,0.0409,112.41362,-5.51407,-3.55814,-0.0463
2018.03.21 11:10:14,-26.16,-17.22,-31.2,-0.78772,1.69754,10.19722,0.02456,-0.00364,-0.03118,112.85098,-6.73529,-3.5722,0.02456
2018.03.21 11:10:14,-26.04,-17.52,-30.9,-0.58181,2.01598,10.70959,0.10031,-0.03541,-0.04096,113.37594,-7.91285,-3.38055,0.10031
2018.03.21 11:10:14,-25.86,-17.22,-30.54,-0.4597,0.17478,11.29858,-0.00721,-0.12093,-0.09899,114.13818,-8.02274,-2.61704,-0.00721
2018.03.21 11:10:14,-26.34,-17.34,-30.48,-0.06943,-0.46688,8.89713,0.06671,0.17229,-0.16741,115.06023,-4.77543,-2.45545,0.06671
2018.03.21 11:10:14,-25.14,-16.56,-29.76,-0.64167,0.92898,9.52203,0.03372,0.04889,-0.16069,116.09617,-3.37782,-2.06791,0.03372
2018.03.21 11:10:14,-25.5,-17.52,-30.36,-0.43576,0.99841,8.33208,0.09359,0.08615,-0.14358,117.13701,-4.13015,-2.4928,0.09359
2018.03.21 11:10:15,-25.26,-17.58,-30.48,-0.57941,1.6305,9.27781,-0.01209,-0.02136,0.00669,117.38582,-4.86594,-2.75303,-0.01209
2018.03.21 11:10:15,-25.86,-17.58,-30.66,-0.59857,1.76458,10.12778,-0.01881,0.01713,0.058,116.97815,-7.05915,-2.89458,-0.01881
2018.03.21 11:10:15,-25.2,-16.8,-30.36,0.48843,2.22189,10.60424,0.04227,-0.00242,0.23393,115.67146,-8.67586,-2.85946,1007.98682
2018.03.21 11:10:15,-25.38,-16.08,-30,-0.30407,0.60096,11.22197,0.09908,0.05683,0.0018,115.12325,-8.6342,-2.16485,1008.00171
2018.03.21 11:10:15,-25.86,-15.9,-30,-1.48924,0.1245,9.51006,-0.07501,-0.05129,-0.11243,115.34053,-6.01304,-2.21735,1007.99487
2018.03.21 11:10:15,-24.78,-15.3,-29.58,-0.55068,0.92658,9.12937,-0.07501,-0.0629,0.13986,114.96189,-4.01701,-3.34905,1008.00049
2018.03.21 11:10:15,-25.74,-15.24,-29.76,-0.23943,1.20432,8.99529,-0.03897,0.00552,0.04762,114.29783,-4.4732,-3.35876,-0.03897
2018.03.21 11:10:15,-25.5,-15.3,-30.48,-0.63927,1.71191,9.15571,-0.03897,0.03973,-0.02202,114.33939,-5.22673,-3.44375,1007.99316
2018.03.21 11:10:15,-25.08,-14.28,-29.64,-0.32562,1.70472,11.01845,-0.01515,0.03545,0.02807,114.15337,-6.56785,-3.38447,1007.98706
2018.03.21 11:10:16,-25.5,-13.86,-29.4,-0.6704,0.91461,11.31055,0.06426,-0.20279,-0.08799,114.45548,-7.69583,-2.52045,0.06426
2018.03.21 11:10:16,-26.82,-13.8,-28.56,0.45012,-0.49561,9.77822,0.15834,-0.10321,0.01646,114.36432,-6.66488,-1.93722,0.15834
2018.03.21 11:10:16,-25.86,-15.06,-29.88,-0.01915,0.75659,9.30176,-0.06707,-0.01586,0.02502,114.74237,-5.12028,-2.22593,-0.06707
2018.03.21 11:10:16,-25.74,-14.28,-29.88,-0.35675,1.04151,8.84924,0.12474,0.11548,-0.04035,114.82658,-4.95226,-2.25912,0.12474
2018.03.21 11:10:16,-24.84,-15.6,-30.06,-0.20351,1.29051,9.10782,0.01234,0.03912,-0.01652,114.80349,-5.30236,-2.53906,0.01234
2018.03.21 11:10:16,-25.38,-14.58,-30,-0.40224,1.81007,9.59386,-0.0066,0.04706,0.03174,114.14985,-6.75958,-2.10368,-0.0066
2018.03.21 11:10:16,-25.68,-13.8,-29.58,-0.38787,1.99683,10.97536,0.24875,-0.14292,0.24493,113.01813,-8.16004,-1.56821,0.24875
2018.03.21 11:10:16,-26.04,-13.98,-29.58,-0.44773,0.14126,10.85085,-0.0573,0.06233,-0.01469,111.90458,-8.9608,-1.50117,-0.0573
2018.03.21 11:10:16,-26.28,-13.62,-29.64,0.09338,0.36393,9.0743,0.18461,-0.04152,0.0745,111.33616,-8.43306,-1.36547,1007.98022
2018.03.21 11:10:17,-25.8,-13.5,-30.72,-0.52435,0.82363,9.34485,-0.10433,-0.02075,-0.03363,112.28803,-4.8222,-2.50051,1007.98438
2018.03.21 11:10:17,-26.1,-13.14,-30.72,-0.47885,1.49642,8.35123,0.02883,0.02079,0.03174,112.1629,-5.17666,-2.89965,1007.98511
2018.03.21 11:10:17,-25.56,-13.56,-29.58,-1.07024,1.32643,9.14613,-0.09578,0.04217,-0.07822,112.39341,-5.56773,-3.212,-0.09578
2018.03.21 11:10:17,-26.16,-13.2,-31.26,-0.4166,1.89627,10.78142,0.0887,-0.01464,0.03296,111.91033,-7.01971,-3.81349,0.0887
2018.03.21 11:10:17,-26.94,-13.32,-29.4,-0.26098,1.97528,10.96099,0.07831,-0.32985,0.06778,111.29124,-9.04241,-2.87201,0.07831
2018.03.21 11:10:17,-28.32,-13.56,-29.58,0.0407,0.25858,10.01286,-0.02187,-0.31946,0.14047,110.33916,-8.97376,-1.20848,-0.02187
2018.03.21 11:10:17,-27.24,-14.16,-29.28,-0.69913,-0.03352,8.94501,-0.04875,0.16251,-0.2963,111.6535,-7.32224,-2.11103,-0.04875
2018.03.21 11:10:17,-28.02,-13.56,-29.76,0.22985,1.24981,9.22754,0.03739,0.03851,-0.04645,111.4845,-6.32121,-2.29282,0.03739
2018.03.21 11:10:17,-27.12,-13.44,-30.78,-0.37351,1.13728,8.58826,0.07037,0.044,-0.07517,111.99149,-6.56184,-2.15285,0.07037
2018.03.21 11:10:17,-28.02,-13.92,-30.36,-0.39984,1.55628,9.33767,-0.04141,0.03912,-0.02935,111.8407,-6.89735,-2.13991,-0.04141
2018.03.21 11:10:18,-27.72,-13.38,-29.94,-0.19872,1.92739,10.25947,0.0606,0.01346,0.08855,111.07558,-8.0906,-1.87162,0.0606
2018.03.21 11:10:18,-27.78,-13.38,-31.44,0.07662,1.73106,11.72476,-0.1416,-0.07634,0.21011,109.45402,-8.64768,-1.57663,1007.98853
2018.03.21 11:10:18,-28.14,-13.14,-30.72,-0.05028,0.65124,8.44221,0.28295,-0.01769,0.05923,108.73692,-8.91678,-1.34191,1007.98706
2018.03.21 11:10:18,-27.96,-13.38,-31.8,-1.15165,0.31604,9.40232,-0.07379,-0.02441,-0.1106,108.86249,-6.29837,-2.22784,1007.98853
2018.03.21 11:10:18,-28.5,-12.66,-31.5,-0.11253,1.1708,8.97853,-0.0182,0.01713,0.13681,108.05601,-4.95327,-2.86666,1007.98315
2018.03.21 11:10:18,-28.68,-11.7,-31.62,-0.35914,1.27615,8.89713,-0.04141,0.02018,0.04029,107.49373,-5.59227,-2.7912,1007.98242
2018.03.21 11:10:18,-28.92,-11.22,-31.14,-0.57941,1.91063,10.10623,-0.12816,0.07882,-0.02507,107.28728,-6.59655,-2.97847,-0.12816
2018.03.21 11:10:18,-27.78,-11.04,-31.5,-0.60815,2.02316,10.01046,0.04594,-0.05801,-0.03363,107.10442,-7.94786,-2.72856,0.04594
2018.03.21 11:10:18,-29.46,-11.46,-31.2,-0.25379,0.53392,11.46379,-0.03042,-0.22722,-0.05562,106.95644,-8.42888,-1.67848,1007.98291
2018.03.21 11:10:19,-29.64,-11.88,-30.9,0.7111,-0.59857,9.09346,0.25913,0.00674,-0.0324,107.06077,-8.62363,-1.26487,0.25913
2018.03.21 11:10:19,-28.8,-12.96,-31.74,0.18915,0.69434,9.1581,-0.1025,-0.04518,-0.02141,107.91906,-7.12389,-1.61858,-0.1025
2018.03.21 11:10:19,-27.66,-12.6,-30.3,-0.17478,1.36234,8.97374,0.05938,0.0941,-0.10632,108.37859,-6.57618,-1.80449,0.05938
2018.03.21 11:10:19,-27.12,-13.02,-32.04,-0.27774,1.18995,8.61221,0.03189,0.04889,-0.07883,108.74051,-6.86247,-1.78744,0.03189
2018.03.21 11:10:19,-28.56,-12.72,-32.52,-0.10774,1.99443,9.68245,-0.02187,-0.00975,0.07328,108.40846,-7.119,-1.55972,-0.02187
2018.03.21 11:10:19,-27.6,-13.5,-31.44,0.13169,2.02316,10.41749,0.13146,0.01957,0.16918,107.59792,-8.44533,-1.36684,0.13146
2018.03.21 11:10:19,-28.74,-12.66,-31.62,-0.35196,0.09577,12.62262,-0.14221,-0.03541,0.00425,106.65322,-9.03725,-1.24479,-0.14221
2018.03.21 11:10:19,-28.2,-13.08,-31.8,0,0.51477,8.13575,0.24447,0.06783,0.13192,106.14576,-7.92542,-1.18406,0.24447
2018.03.21 11:10:19,-29.34,-13.62,-31.14,-0.89546,0.2514,9.4933,-0.11105,0.02873,-0.09655,107.05679,-4.9154,-1.86733,-0.11105
2018.03.21 11:10:19,-28.86,-12.42,-31.02,-0.35435,1.14446,8.7391,0.04899,0.01529,0.1197,106.93826,-4.16869,-3.02977,1007.98389
2018.03.21 11:10:20,-28.74,-13.02,-32.04,-0.28013,1.4653,8.80375,-0.0408,0.02934,-0.05806,106.92906,-4.7037,-2.89136,1007.97583
2018.03.21 11:10:20,-27.48,-12.6,-32.64,-0.23464,1.87472,10.15412,0.00196,-0.0183,-0.08555,107.5811,-6.55704,-2.51616,0.00196
2018.03.21 11:10:20,-28.32,-12.78,-32.1,-0.71828,2.18118,10.38876,0.12963,-0.1081,-0.09044,107.97618,-8.08505,-2.3959,1007.97925
2018.03.21 11:10:20,-29.46,-13.8,-31.26,0.06943,0.70152,11.72955,-0.10617,-0.22111,-0.01774,107.95002,-8.39169,-1.19957,1007.99512
2018.03.21 11:10:20,-29.82,-13.92,-30.3,-0.58181,-0.55308,8.54756,0.14368,0.10204,-0.21872,108.30266,-8.62212,-0.50174,0.14368
2018.03.21 11:10:20,-29.76,-13.8,-31.8,0.42858,1.31925,9.68484,-0.12571,-0.01769,0.02196,108.53497,-6.73428,-0.51244,-0.12571
2018.03.21 11:10:20,-29.16,-14.76,-32.04,-0.19633,1.08221,8.92586,0.03494,0.1393,-0.08555,109.15514,-6.76912,-0.88143,0.03494
2018.03.21 11:10:20,-28.98,-14.4,-31.92,0.05267,1.66881,9.0336,-0.07807,0.02568,0.07633,109.01656,-6.79275,-1.22261,-0.07807
2018.03.21 11:10:20,-29.58,-14.82,-32.58,0.18915,1.89627,9.44302,0.09114,0.08188,0.08427,108.45715,-7.82095,-1.10027,0.09114
2018.03.21 11:10:21,-28.68,-14.34,-31.5,0.76856,1.96091,10.14215,0.173,0.06477,0.30235,107.24835,-8.84828,-0.80913,0.173
2018.03.21 11:10:21,-28.5,-13.38,-33.42,-0.59139,0.419,12.05517,0.0661,2e-05,0.13864,106.79199,-8.10234,-0.96341,0.0661
2018.03.21 11:10:21,-28.14,-13.86,-32.94,-0.5842,-0.07183,8.61221,0.33793,0.08127,0.12459,106.42455,-9.2417,-1.50963,0.33793
2018.03.21 11:10:21,-28.26,-14.28,-33.24,-0.68237,0.40942,9.47893,-0.01698,0.02262,-0.00125,106.80833,-6.40138,-2.78886,1007.98828
2018.03.21 11:10:21,-27,-14.46,-33.72,-0.17957,1.60656,8.54038,0.01356,0.05561,0.08305,106.78027,-5.76651,-3.21382,1007.97852
2018.03.21 11:10:21,-27.12,-13.62,-35.04,-0.74701,1.41741,9.30415,-0.17825,-0.05251,-0.13564,107.6665,-5.74989,-3.12142,1007.98193
2018.03.21 11:10:21,-28.98,-13.2,-33.54,-0.04549,1.80768,10.25707,0.00501,-0.17774,-0.05623,108.09616,-6.5401,-2.53478,0.00501
2018.03.21 11:10:21,-28.5,-14.04,-33.72,-0.21548,1.68796,10.44143,0.18644,-0.17835,-0.11121,108.66029,-7.49497,-1.56334,1007.97803
2018.03.21 11:10:21,-29.88,-14.28,-31.56,0.0838,0.45012,11.26985,-0.1642,-0.3439,-0.1277,109.69189,-6.7992,0.28799,1007.98096
2018.03.21 11:10:22,-29.22,-15.48,-32.28,-0.43336,-0.31604,9.79977,0.09847,0.0886,-0.24132,110.45825,-6.86923,0.56095,0.09847
2018.03.21 11:10:22,-28.68,-14.4,-32.82,0.44055,1.18756,9.01684,0.03372,0.05867,0.01341,110.97787,-6.03279,0.1225,0.03372
2018.03.21 11:10:22,-27.06,-15.3,-33.66,-0.33041,0.88349,9.47175,-0.00232,0.14235,-0.05134,111.61337,-5.66097,-0.50306,-0.00232
2018.03.21 11:10:22,-26.34,-15.42,-35.1,0.44294,1.26897,9.09346,0.0551,0.13441,0.07938,111.46291,-5.88623,-1.04395,0.0551
2018.03.21 11:10:22,-26.52,-14.82,-34.92,-1.08461,1.40305,8.69122,-0.11228,0.23704,-0.11976,111.78423,-6.05262,-1.5666,-0.11228
2018.03.21 11:10:22,-26.16,-14.88,-35.28,-0.43576,1.51318,9.05275,0.31777,0.055,0.09893,111.40598,-6.57957,-1.82231,0.31777
